{
	"credit": "Made with Blockbench",
	"textures": {
		"0": "item/diamondsword",
		"particle": "item/diamondsword"
	},
	"elements": [
		{
			"name": "diamondsword_0",
			"from": [7.875, 10.625, 8],
			"to": [8, 10.875, 8.125],
			"faces": {
				"north": {"uv": [6.5, 5.125, 6.375, 5.375], "texture": "#0"},
				"east": {"uv": [6.375, 5.125, 6.5, 5.375], "texture": "#0"},
				"south": {"uv": [6.375, 5.125, 6.5, 5.375], "texture": "#0"},
				"west": {"uv": [6.375, 5.125, 6.5, 5.375], "texture": "#0"},
				"up": {"uv": [6.375, 5.125, 6.5, 5.25], "texture": "#0"},
				"down": {"uv": [6.375, 5.25, 6.5, 5.375], "texture": "#0"}
			}
		},
		{
			"name": "diamondsword_1",
			"from": [7.75, 10.25, 8],
			"to": [7.875, 10.625, 8.125],
			"faces": {
				"north": {"uv": [6.375, 5.375, 6.25, 5.75], "texture": "#0"},
				"east": {"uv": [6.25, 5.375, 6.375, 5.75], "texture": "#0"},
				"south": {"uv": [6.25, 5.375, 6.375, 5.75], "texture": "#0"},
				"west": {"uv": [6.25, 5.375, 6.375, 5.75], "texture": "#0"},
				"up": {"uv": [6.25, 5.375, 6.375, 5.5], "texture": "#0"},
				"down": {"uv": [6.25, 5.625, 6.375, 5.75], "texture": "#0"}
			}
		},
		{
			"name": "diamondsword_2",
			"from": [8, 10.25, 8],
			"to": [8.125, 10.625, 8.125],
			"faces": {
				"north": {"uv": [6.625, 5.375, 6.5, 5.75], "texture": "#0"},
				"east": {"uv": [6.5, 5.375, 6.625, 5.75], "texture": "#0"},
				"south": {"uv": [6.5, 5.375, 6.625, 5.75], "texture": "#0"},
				"west": {"uv": [6.5, 5.375, 6.625, 5.75], "texture": "#0"},
				"up": {"uv": [6.5, 5.375, 6.625, 5.5], "texture": "#0"},
				"down": {"uv": [6.5, 5.625, 6.625, 5.75], "texture": "#0"}
			}
		},
		{
			"name": "diamondsword_3",
			"from": [7.875, 5.125, 7.95],
			"to": [8, 10.625, 8.175],
			"faces": {
				"north": {"uv": [8, 5.375, 7.875, 10.875], "texture": "#0"},
				"east": {"uv": [7.875, 5.375, 8, 10.875], "texture": "#0"},
				"south": {"uv": [7.875, 5.375, 8, 10.875], "texture": "#0"},
				"west": {"uv": [7.875, 5.375, 8, 10.875], "texture": "#0"},
				"up": {"uv": [7.875, 5.375, 8, 5.5], "texture": "#0"},
				"down": {"uv": [7.875, 10.75, 8, 10.875], "texture": "#0"}
			}
		},
		{
			"name": "diamondsword_4",
			"from": [7.625, 5.375, 8],
			"to": [7.75, 10.25, 8.125],
			"faces": {
				"north": {"uv": [6.25, 5.75, 6.125, 10.625], "texture": "#0"},
				"east": {"uv": [6.125, 5.75, 6.25, 10.625], "texture": "#0"},
				"south": {"uv": [6.125, 5.75, 6.25, 10.625], "texture": "#0"},
				"west": {"uv": [6.125, 5.75, 6.25, 10.625], "texture": "#0"},
				"up": {"uv": [6.125, 5.75, 6.25, 5.875], "texture": "#0"},
				"down": {"uv": [6.125, 10.5, 6.25, 10.625], "texture": "#0"}
			}
		},
		{
			"name": "diamondsword_5",
			"from": [8.125, 5.375, 8],
			"to": [8.25, 10.25, 8.125],
			"faces": {
				"north": {"uv": [6.75, 5.75, 6.625, 10.625], "texture": "#0"},
				"east": {"uv": [6.625, 5.75, 6.75, 10.625], "texture": "#0"},
				"south": {"uv": [6.625, 5.75, 6.75, 10.625], "texture": "#0"},
				"west": {"uv": [6.625, 5.75, 6.75, 10.625], "texture": "#0"},
				"up": {"uv": [6.625, 5.75, 6.75, 5.875], "texture": "#0"},
				"down": {"uv": [6.625, 10.5, 6.75, 10.625], "texture": "#0"}
			}
		},
		{
			"name": "diamondsword_6",
			"from": [7.75, 4.875, 7.95],
			"to": [7.875, 10.25, 8.175],
			"faces": {
				"north": {"uv": [7.875, 5.75, 7.75, 11.125], "texture": "#0"},
				"east": {"uv": [7.75, 5.75, 7.875, 11.125], "texture": "#0"},
				"south": {"uv": [7.75, 5.75, 7.875, 11.125], "texture": "#0"},
				"west": {"uv": [7.75, 5.75, 7.875, 11.125], "texture": "#0"},
				"up": {"uv": [7.75, 5.75, 7.875, 5.875], "texture": "#0"},
				"down": {"uv": [7.75, 11, 7.875, 11.125], "texture": "#0"}
			}
		},
		{
			"name": "diamondsword_7",
			"from": [8, 4.875, 7.95],
			"to": [8.125, 10.25, 8.175],
			"faces": {
				"north": {"uv": [8.125, 5.75, 8, 11.125], "texture": "#0"},
				"east": {"uv": [8, 5.75, 8.125, 11.125], "texture": "#0"},
				"south": {"uv": [8, 5.75, 8.125, 11.125], "texture": "#0"},
				"west": {"uv": [8, 5.75, 8.125, 11.125], "texture": "#0"},
				"up": {"uv": [8, 5.75, 8.125, 5.875], "texture": "#0"},
				"down": {"uv": [8, 11, 8.125, 11.125], "texture": "#0"}
			}
		},
		{
			"name": "diamondsword_8",
			"from": [7.5, 5.125, 8],
			"to": [7.625, 5.375, 8.125],
			"faces": {
				"north": {"uv": [6.125, 10.625, 6, 10.875], "texture": "#0"},
				"east": {"uv": [6, 10.625, 6.125, 10.875], "texture": "#0"},
				"south": {"uv": [6, 10.625, 6.125, 10.875], "texture": "#0"},
				"west": {"uv": [6, 10.625, 6.125, 10.875], "texture": "#0"},
				"up": {"uv": [6, 10.625, 6.125, 10.75], "texture": "#0"},
				"down": {"uv": [6, 10.75, 6.125, 10.875], "texture": "#0"}
			}
		},
		{
			"name": "diamondsword_9",
			"from": [8.25, 5.125, 8],
			"to": [8.375, 5.375, 8.125],
			"faces": {
				"north": {"uv": [6.875, 10.625, 6.75, 10.875], "texture": "#0"},
				"east": {"uv": [6.75, 10.625, 6.875, 10.875], "texture": "#0"},
				"south": {"uv": [6.75, 10.625, 6.875, 10.875], "texture": "#0"},
				"west": {"uv": [6.75, 10.625, 6.875, 10.875], "texture": "#0"},
				"up": {"uv": [6.75, 10.625, 6.875, 10.75], "texture": "#0"},
				"down": {"uv": [6.75, 10.75, 6.875, 10.875], "texture": "#0"}
			}
		},
		{
			"name": "diamondsword_10",
			"from": [7.625, 5, 7.95],
			"to": [7.75, 5.375, 8.175],
			"faces": {
				"north": {"uv": [7.75, 10.625, 7.625, 11], "texture": "#0"},
				"east": {"uv": [7.625, 10.625, 7.75, 11], "texture": "#0"},
				"south": {"uv": [7.625, 10.625, 7.75, 11], "texture": "#0"},
				"west": {"uv": [7.625, 10.625, 7.75, 11], "texture": "#0"},
				"up": {"uv": [7.625, 10.625, 7.75, 10.75], "texture": "#0"},
				"down": {"uv": [7.625, 10.875, 7.75, 11], "texture": "#0"}
			}
		},
		{
			"name": "diamondsword_11",
			"from": [8.125, 5, 7.95],
			"to": [8.25, 5.375, 8.175],
			"faces": {
				"north": {"uv": [8.25, 10.625, 8.125, 11], "texture": "#0"},
				"east": {"uv": [8.125, 10.625, 8.25, 11], "texture": "#0"},
				"south": {"uv": [8.125, 10.625, 8.25, 11], "texture": "#0"},
				"west": {"uv": [8.125, 10.625, 8.25, 11], "texture": "#0"},
				"up": {"uv": [8.125, 10.625, 8.25, 10.75], "texture": "#0"},
				"down": {"uv": [8.125, 10.875, 8.25, 11], "texture": "#0"}
			}
		},
		{
			"name": "diamondsword_12",
			"from": [7.375, 5, 8],
			"to": [7.5, 5.125, 8.125],
			"faces": {
				"north": {"uv": [6, 10.875, 5.875, 11], "texture": "#0"},
				"east": {"uv": [5.875, 10.875, 6, 11], "texture": "#0"},
				"south": {"uv": [5.875, 10.875, 6, 11], "texture": "#0"},
				"west": {"uv": [5.875, 10.875, 6, 11], "texture": "#0"},
				"up": {"uv": [5.875, 10.875, 6, 11], "texture": "#0"},
				"down": {"uv": [5.875, 10.875, 6, 11], "texture": "#0"}
			}
		},
		{
			"name": "diamondsword_13",
			"from": [8.375, 5, 8],
			"to": [8.5, 5.125, 8.125],
			"faces": {
				"north": {"uv": [7, 10.875, 6.875, 11], "texture": "#0"},
				"east": {"uv": [6.875, 10.875, 7, 11], "texture": "#0"},
				"south": {"uv": [6.875, 10.875, 7, 11], "texture": "#0"},
				"west": {"uv": [6.875, 10.875, 7, 11], "texture": "#0"},
				"up": {"uv": [6.875, 10.875, 7, 11], "texture": "#0"},
				"down": {"uv": [6.875, 10.875, 7, 11], "texture": "#0"}
			}
		},
		{
			"name": "diamondsword_14",
			"from": [7.5, 5, 7.95],
			"to": [7.625, 5.125, 8.175],
			"faces": {
				"north": {"uv": [7.625, 10.875, 7.5, 11], "texture": "#0"},
				"east": {"uv": [7.5, 10.875, 7.625, 11], "texture": "#0"},
				"south": {"uv": [7.5, 10.875, 7.625, 11], "texture": "#0"},
				"west": {"uv": [7.5, 10.875, 7.625, 11], "texture": "#0"},
				"up": {"uv": [7.5, 10.875, 7.625, 11], "texture": "#0"},
				"down": {"uv": [7.5, 10.875, 7.625, 11], "texture": "#0"}
			}
		},
		{
			"name": "diamondsword_15",
			"from": [8.25, 5, 7.95],
			"to": [8.375, 5.125, 8.175],
			"faces": {
				"north": {"uv": [8.375, 10.875, 8.25, 11], "texture": "#0"},
				"east": {"uv": [8.25, 10.875, 8.375, 11], "texture": "#0"},
				"south": {"uv": [8.25, 10.875, 8.375, 11], "texture": "#0"},
				"west": {"uv": [8.25, 10.875, 8.375, 11], "texture": "#0"},
				"up": {"uv": [8.25, 10.875, 8.375, 11], "texture": "#0"},
				"down": {"uv": [8.25, 10.875, 8.375, 11], "texture": "#0"}
			}
		},
		{
			"name": "diamondsword_16",
			"from": [7.875, 4.25, 7.9],
			"to": [8, 5.125, 8.225],
			"faces": {
				"north": {"uv": [9.75, 10.875, 9.625, 11.75], "texture": "#0"},
				"east": {"uv": [9.625, 10.875, 9.75, 11.75], "texture": "#0"},
				"south": {"uv": [9.625, 10.875, 9.75, 11.75], "texture": "#0"},
				"west": {"uv": [9.625, 10.875, 9.75, 11.75], "texture": "#0"},
				"up": {"uv": [9.625, 10.875, 9.75, 11], "texture": "#0"},
				"down": {"uv": [9.625, 11.625, 9.75, 11.75], "texture": "#0"}
			}
		},
		{
			"name": "diamondsword_17",
			"from": [7.625, 4.625, 8],
			"to": [7.75, 5, 8.125],
			"faces": {
				"north": {"uv": [6.25, 11, 6.125, 11.375], "texture": "#0"},
				"east": {"uv": [6.125, 11, 6.25, 11.375], "texture": "#0"},
				"south": {"uv": [6.125, 11, 6.25, 11.375], "texture": "#0"},
				"west": {"uv": [6.125, 11, 6.25, 11.375], "texture": "#0"},
				"up": {"uv": [6.125, 11, 6.25, 11.125], "texture": "#0"},
				"down": {"uv": [6.125, 11.25, 6.25, 11.375], "texture": "#0"}
			}
		},
		{
			"name": "diamondsword_18",
			"from": [8.125, 4.625, 8],
			"to": [8.25, 5, 8.125],
			"faces": {
				"north": {"uv": [6.75, 11, 6.625, 11.375], "texture": "#0"},
				"east": {"uv": [6.625, 11, 6.75, 11.375], "texture": "#0"},
				"south": {"uv": [6.625, 11, 6.75, 11.375], "texture": "#0"},
				"west": {"uv": [6.625, 11, 6.75, 11.375], "texture": "#0"},
				"up": {"uv": [6.625, 11, 6.75, 11.125], "texture": "#0"},
				"down": {"uv": [6.625, 11.25, 6.75, 11.375], "texture": "#0"}
			}
		},
		{
			"name": "diamondsword_19",
			"from": [7, 4.75, 7.9],
			"to": [7.125, 5, 8.225],
			"faces": {
				"north": {"uv": [8.875, 11, 8.75, 11.25], "texture": "#0"},
				"east": {"uv": [8.75, 11, 8.875, 11.25], "texture": "#0"},
				"south": {"uv": [8.75, 11, 8.875, 11.25], "texture": "#0"},
				"west": {"uv": [8.75, 11, 8.875, 11.25], "texture": "#0"},
				"up": {"uv": [8.75, 11, 8.875, 11.125], "texture": "#0"},
				"down": {"uv": [8.75, 11.125, 8.875, 11.25], "texture": "#0"}
			}
		},
		{
			"name": "diamondsword_20",
			"from": [8.75, 4.75, 7.9],
			"to": [8.875, 5, 8.225],
			"faces": {
				"north": {"uv": [10.625, 11, 10.5, 11.25], "texture": "#0"},
				"east": {"uv": [10.5, 11, 10.625, 11.25], "texture": "#0"},
				"south": {"uv": [10.5, 11, 10.625, 11.25], "texture": "#0"},
				"west": {"uv": [10.5, 11, 10.625, 11.25], "texture": "#0"},
				"up": {"uv": [10.5, 11, 10.625, 11.125], "texture": "#0"},
				"down": {"uv": [10.5, 11.125, 10.625, 11.25], "texture": "#0"}
			}
		},
		{
			"name": "diamondsword_21",
			"from": [7.125, 4.625, 7.9],
			"to": [7.375, 4.875, 8.225],
			"faces": {
				"north": {"uv": [9.125, 11.125, 8.875, 11.375], "texture": "#0"},
				"east": {"uv": [9, 11.125, 9.125, 11.375], "texture": "#0"},
				"south": {"uv": [8.875, 11.125, 9.125, 11.375], "texture": "#0"},
				"west": {"uv": [8.875, 11.125, 9, 11.375], "texture": "#0"},
				"up": {"uv": [8.875, 11.125, 9.125, 11.25], "texture": "#0"},
				"down": {"uv": [8.875, 11.25, 9.125, 11.375], "texture": "#0"}
			}
		},
		{
			"name": "diamondsword_22",
			"from": [7.75, 4.25, 7.9],
			"to": [7.875, 4.875, 8.225],
			"faces": {
				"north": {"uv": [9.625, 11.125, 9.5, 11.75], "texture": "#0"},
				"east": {"uv": [9.5, 11.125, 9.625, 11.75], "texture": "#0"},
				"south": {"uv": [9.5, 11.125, 9.625, 11.75], "texture": "#0"},
				"west": {"uv": [9.5, 11.125, 9.625, 11.75], "texture": "#0"},
				"up": {"uv": [9.5, 11.125, 9.625, 11.25], "texture": "#0"},
				"down": {"uv": [9.5, 11.625, 9.625, 11.75], "texture": "#0"}
			}
		},
		{
			"name": "diamondsword_23",
			"from": [8, 4.25, 7.9],
			"to": [8.125, 4.875, 8.225],
			"faces": {
				"north": {"uv": [9.875, 11.125, 9.75, 11.75], "texture": "#0"},
				"east": {"uv": [9.75, 11.125, 9.875, 11.75], "texture": "#0"},
				"south": {"uv": [9.75, 11.125, 9.875, 11.75], "texture": "#0"},
				"west": {"uv": [9.75, 11.125, 9.875, 11.75], "texture": "#0"},
				"up": {"uv": [9.75, 11.125, 9.875, 11.25], "texture": "#0"},
				"down": {"uv": [9.75, 11.625, 9.875, 11.75], "texture": "#0"}
			}
		},
		{
			"name": "diamondsword_24",
			"from": [8.5, 4.625, 7.9],
			"to": [8.75, 4.875, 8.225],
			"faces": {
				"north": {"uv": [10.5, 11.125, 10.25, 11.375], "texture": "#0"},
				"east": {"uv": [10.375, 11.125, 10.5, 11.375], "texture": "#0"},
				"south": {"uv": [10.25, 11.125, 10.5, 11.375], "texture": "#0"},
				"west": {"uv": [10.25, 11.125, 10.375, 11.375], "texture": "#0"},
				"up": {"uv": [10.25, 11.125, 10.5, 11.25], "texture": "#0"},
				"down": {"uv": [10.25, 11.25, 10.5, 11.375], "texture": "#0"}
			}
		},
		{
			"name": "diamondsword_25",
			"from": [7.375, 4.375, 7.9],
			"to": [7.625, 4.75, 8.225],
			"faces": {
				"north": {"uv": [9.375, 11.25, 9.125, 11.625], "texture": "#0"},
				"east": {"uv": [9.25, 11.25, 9.375, 11.625], "texture": "#0"},
				"south": {"uv": [9.125, 11.25, 9.375, 11.625], "texture": "#0"},
				"west": {"uv": [9.125, 11.25, 9.25, 11.625], "texture": "#0"},
				"up": {"uv": [9.125, 11.25, 9.375, 11.375], "texture": "#0"},
				"down": {"uv": [9.125, 11.5, 9.375, 11.625], "texture": "#0"}
			}
		},
		{
			"name": "diamondsword_26",
			"from": [8.25, 4.375, 7.9],
			"to": [8.5, 4.75, 8.225],
			"faces": {
				"north": {"uv": [10.25, 11.25, 10, 11.625], "texture": "#0"},
				"east": {"uv": [10.125, 11.25, 10.25, 11.625], "texture": "#0"},
				"south": {"uv": [10, 11.25, 10.25, 11.625], "texture": "#0"},
				"west": {"uv": [10, 11.25, 10.125, 11.625], "texture": "#0"},
				"up": {"uv": [10, 11.25, 10.25, 11.375], "texture": "#0"},
				"down": {"uv": [10, 11.5, 10.25, 11.625], "texture": "#0"}
			}
		},
		{
			"name": "diamondsword_27",
			"from": [7.25, 4.5, 7.9],
			"to": [7.375, 4.625, 8.225],
			"faces": {
				"north": {"uv": [9.125, 11.375, 9, 11.5], "texture": "#0"},
				"east": {"uv": [9, 11.375, 9.125, 11.5], "texture": "#0"},
				"south": {"uv": [9, 11.375, 9.125, 11.5], "texture": "#0"},
				"west": {"uv": [9, 11.375, 9.125, 11.5], "texture": "#0"},
				"up": {"uv": [9, 11.375, 9.125, 11.5], "texture": "#0"},
				"down": {"uv": [9, 11.375, 9.125, 11.5], "texture": "#0"}
			}
		},
		{
			"name": "diamondsword_28",
			"from": [7.625, 4.25, 7.9],
			"to": [7.75, 4.625, 8.225],
			"faces": {
				"north": {"uv": [9.5, 11.375, 9.375, 11.75], "texture": "#0"},
				"east": {"uv": [9.375, 11.375, 9.5, 11.75], "texture": "#0"},
				"south": {"uv": [9.375, 11.375, 9.5, 11.75], "texture": "#0"},
				"west": {"uv": [9.375, 11.375, 9.5, 11.75], "texture": "#0"},
				"up": {"uv": [9.375, 11.375, 9.5, 11.5], "texture": "#0"},
				"down": {"uv": [9.375, 11.625, 9.5, 11.75], "texture": "#0"}
			}
		},
		{
			"name": "diamondsword_29",
			"from": [8.125, 4.25, 7.9],
			"to": [8.25, 4.625, 8.225],
			"faces": {
				"north": {"uv": [10, 11.375, 9.875, 11.75], "texture": "#0"},
				"east": {"uv": [9.875, 11.375, 10, 11.75], "texture": "#0"},
				"south": {"uv": [9.875, 11.375, 10, 11.75], "texture": "#0"},
				"west": {"uv": [9.875, 11.375, 10, 11.75], "texture": "#0"},
				"up": {"uv": [9.875, 11.375, 10, 11.5], "texture": "#0"},
				"down": {"uv": [9.875, 11.625, 10, 11.75], "texture": "#0"}
			}
		},
		{
			"name": "diamondsword_30",
			"from": [8.5, 4.5, 7.9],
			"to": [8.625, 4.625, 8.225],
			"faces": {
				"north": {"uv": [10.375, 11.375, 10.25, 11.5], "texture": "#0"},
				"east": {"uv": [10.25, 11.375, 10.375, 11.5], "texture": "#0"},
				"south": {"uv": [10.25, 11.375, 10.375, 11.5], "texture": "#0"},
				"west": {"uv": [10.25, 11.375, 10.375, 11.5], "texture": "#0"},
				"up": {"uv": [10.25, 11.375, 10.375, 11.5], "texture": "#0"},
				"down": {"uv": [10.25, 11.375, 10.375, 11.5], "texture": "#0"}
			}
		},
		{
			"name": "diamondsword_31",
			"from": [7.75, 2.25, 7.9],
			"to": [8.125, 4.25, 8.225],
			"faces": {
				"north": {"uv": [8.125, 11.75, 7.75, 13.75], "texture": "#0"},
				"east": {"uv": [8, 11.75, 8.125, 13.75], "texture": "#0"},
				"south": {"uv": [7.75, 11.75, 8.125, 13.75], "texture": "#0"},
				"west": {"uv": [7.75, 11.75, 7.875, 13.75], "texture": "#0"},
				"up": {"uv": [7.75, 11.75, 8.125, 11.875], "texture": "#0"},
				"down": {"uv": [7.75, 13.625, 8.125, 13.75], "texture": "#0"}
			}
		},
		{
			"name": "diamondsword_32",
			"from": [7.625, 2, 7.8],
			"to": [8.25, 2.25, 8.325],
			"faces": {
				"north": {"uv": [8.25, 14, 7.625, 14.25], "texture": "#0"},
				"east": {"uv": [8.25, 14, 7.625, 14.25], "texture": "#0"},
				"south": {"uv": [7.625, 14, 8.25, 14.25], "texture": "#0"},
				"west": {"uv": [8.25, 14, 7.625, 14.25], "texture": "#0"},
				"up": {"uv": [7.625, 14, 8.25, 14.125], "texture": "#0"},
				"down": {"uv": [7.625, 14.125, 8.25, 14.25], "texture": "#0"}
			}
		},
		{
			"name": "diamondsword_33",
			"from": [7.75, 1.75, 8],
			"to": [7.875, 2, 8.125],
			"faces": {
				"north": {"uv": [7.875, 14.5, 7.75, 14.75], "texture": "#0"},
				"east": {"uv": [7.75, 14.5, 7.875, 14.75], "texture": "#0"},
				"south": {"uv": [7.75, 14.5, 7.875, 14.75], "texture": "#0"},
				"west": {"uv": [7.75, 14.5, 7.875, 14.75], "texture": "#0"},
				"up": {"uv": [7.75, 14.5, 7.875, 14.625], "texture": "#0"},
				"down": {"uv": [7.75, 14.625, 7.875, 14.75], "texture": "#0"}
			}
		},
		{
			"name": "diamondsword_34",
			"from": [8, 1.75, 8],
			"to": [8.125, 2, 8.125],
			"faces": {
				"north": {"uv": [8.125, 14.5, 8, 14.75], "texture": "#0"},
				"east": {"uv": [8, 14.5, 8.125, 14.75], "texture": "#0"},
				"south": {"uv": [8, 14.5, 8.125, 14.75], "texture": "#0"},
				"west": {"uv": [8, 14.5, 8.125, 14.75], "texture": "#0"},
				"up": {"uv": [8, 14.5, 8.125, 14.625], "texture": "#0"},
				"down": {"uv": [8, 14.625, 8.125, 14.75], "texture": "#0"}
			}
		},
		{
			"name": "diamondsword_35",
			"from": [7.875, 1.75, 8],
			"to": [8, 1.875, 8.125],
			"faces": {
				"north": {"uv": [8, 14.625, 7.875, 14.75], "texture": "#0"},
				"east": {"uv": [7.875, 14.625, 8, 14.75], "texture": "#0"},
				"south": {"uv": [7.875, 14.625, 8, 14.75], "texture": "#0"},
				"west": {"uv": [7.875, 14.625, 8, 14.75], "texture": "#0"},
				"up": {"uv": [7.875, 14.625, 8, 14.75], "texture": "#0"},
				"down": {"uv": [7.875, 14.625, 8, 14.75], "texture": "#0"}
			}
		}
	],
	"gui_light": "front",
	"display": {
		"thirdperson_righthand": {
			"rotation": [0, 90, 0],
			"translation": [-0.25, 11.75, 1],
			"scale": [3, 3, 2.5]
		},
		"thirdperson_lefthand": {
			"rotation": [0, 90, 0],
			"translation": [-0.25, 11.75, 1],
			"scale": [3, 3, 2.5]
		},
		"firstperson_righthand": {
			"rotation": [6, 95, 0],
			"translation": [0, 10.5, 3.5],
			"scale": [2.3, 2.3, 2]
		},
		"firstperson_lefthand": {
			"rotation": [6, -80, 0],
			"translation": [1.5, 11, 2.75],
			"scale": [2.3, 2.3, 2]
		},
		"ground": {
			"rotation": [0, 0, -45],
			"translation": [0, 3.3956, 0],
			"scale": [2, 2, 2]
		},
		"gui": {
			"rotation": [0, 0, -45],
			"translation": [4, 3.5, 0],
			"scale": [3, 3, 1.6]
		},
		"head": {
			"rotation": [-180, 1, 45],
			"translation": [-2.75, -18.75, 4.25],
			"scale": [4, 4, 3]
		},
		"fixed": {
			"rotation": [0, 0, 45],
			"translation": [-5.5, 6, -0.75],
			"scale": [4, 4, 4]
		}
	},
	"groups": [
		{
			"name": "diamondsword",
			"origin": [8, 8, 8],
			"color": 0,
			"children": [0, 1, 2, 3, 4, 5, 6, 7, 8, 9, 10, 11, 12, 13, 14, 15, 16, 17, 18, 19, 20, 21, 22, 23, 24, 25, 26, 27, 28, 29, 30, 31, 32, 33, 34, 35]
		}
	]
}