{
	"credit": "Made with Blockbench",
	"textures": {
		"0": "item/ironsword",
		"particle": "item/ironsword"
	},
	"elements": [
		{
			"name": "ironsword_0",
			"from": [8, 11, 8],
			"to": [8.125, 11.375, 8.125],
			"faces": {
				"north": {"uv": [7.375, 4.625, 7.25, 5], "texture": "#0"},
				"east": {"uv": [7.25, 4.625, 7.375, 5], "texture": "#0"},
				"south": {"uv": [7.25, 4.625, 7.375, 5], "texture": "#0"},
				"west": {"uv": [7.25, 4.625, 7.375, 5], "texture": "#0"},
				"up": {"uv": [7.25, 4.625, 7.375, 4.75], "texture": "#0"},
				"down": {"uv": [7.25, 4.875, 7.375, 5], "texture": "#0"}
			}
		},
		{
			"name": "ironsword_1",
			"from": [7.875, 10.5, 8],
			"to": [8, 11, 8.125],
			"faces": {
				"north": {"uv": [7.25, 5, 7.125, 5.5], "texture": "#0"},
				"east": {"uv": [7.125, 5, 7.25, 5.5], "texture": "#0"},
				"south": {"uv": [7.125, 5, 7.25, 5.5], "texture": "#0"},
				"west": {"uv": [7.125, 5, 7.25, 5.5], "texture": "#0"},
				"up": {"uv": [7.125, 5, 7.25, 5.125], "texture": "#0"},
				"down": {"uv": [7.125, 5.375, 7.25, 5.5], "texture": "#0"}
			}
		},
		{
			"name": "ironsword_2",
			"from": [8.125, 10.5, 8],
			"to": [8.25, 11, 8.125],
			"faces": {
				"north": {"uv": [7.5, 5, 7.375, 5.5], "texture": "#0"},
				"east": {"uv": [7.375, 5, 7.5, 5.5], "texture": "#0"},
				"south": {"uv": [7.375, 5, 7.5, 5.5], "texture": "#0"},
				"west": {"uv": [7.375, 5, 7.5, 5.5], "texture": "#0"},
				"up": {"uv": [7.375, 5, 7.5, 5.125], "texture": "#0"},
				"down": {"uv": [7.375, 5.375, 7.5, 5.5], "texture": "#0"}
			}
		},
		{
			"name": "ironsword_3",
			"from": [8, 5.875, 7.95],
			"to": [8.125, 11, 8.175],
			"faces": {
				"north": {"uv": [8.125, 5, 8, 10.125], "texture": "#0"},
				"east": {"uv": [8, 5, 8.125, 10.125], "texture": "#0"},
				"south": {"uv": [8, 5, 8.125, 10.125], "texture": "#0"},
				"west": {"uv": [8, 5, 8.125, 10.125], "texture": "#0"},
				"up": {"uv": [8, 5, 8.125, 5.125], "texture": "#0"},
				"down": {"uv": [8, 10, 8.125, 10.125], "texture": "#0"}
			}
		},
		{
			"name": "ironsword_4",
			"from": [7.75, 6, 8],
			"to": [7.875, 10.5, 8.125],
			"faces": {
				"north": {"uv": [7.125, 5.5, 7, 10], "texture": "#0"},
				"east": {"uv": [7, 5.5, 7.125, 10], "texture": "#0"},
				"south": {"uv": [7, 5.5, 7.125, 10], "texture": "#0"},
				"west": {"uv": [7, 5.5, 7.125, 10], "texture": "#0"},
				"up": {"uv": [7, 5.5, 7.125, 5.625], "texture": "#0"},
				"down": {"uv": [7, 9.875, 7.125, 10], "texture": "#0"}
			}
		},
		{
			"name": "ironsword_5",
			"from": [8.25, 6, 8],
			"to": [8.375, 10.5, 8.125],
			"faces": {
				"north": {"uv": [7.625, 5.5, 7.5, 10], "texture": "#0"},
				"east": {"uv": [7.5, 5.5, 7.625, 10], "texture": "#0"},
				"south": {"uv": [7.5, 5.5, 7.625, 10], "texture": "#0"},
				"west": {"uv": [7.5, 5.5, 7.625, 10], "texture": "#0"},
				"up": {"uv": [7.5, 5.5, 7.625, 5.625], "texture": "#0"},
				"down": {"uv": [7.5, 9.875, 7.625, 10], "texture": "#0"}
			}
		},
		{
			"name": "ironsword_6",
			"from": [7.875, 6, 7.95],
			"to": [8, 10.5, 8.175],
			"faces": {
				"north": {"uv": [8, 5.5, 7.875, 10], "texture": "#0"},
				"east": {"uv": [7.875, 5.5, 8, 10], "texture": "#0"},
				"south": {"uv": [7.875, 5.5, 8, 10], "texture": "#0"},
				"west": {"uv": [7.875, 5.5, 8, 10], "texture": "#0"},
				"up": {"uv": [7.875, 5.5, 8, 5.625], "texture": "#0"},
				"down": {"uv": [7.875, 9.875, 8, 10], "texture": "#0"}
			}
		},
		{
			"name": "ironsword_7",
			"from": [8.125, 6, 7.95],
			"to": [8.25, 10.5, 8.175],
			"faces": {
				"north": {"uv": [8.25, 5.5, 8.125, 10], "texture": "#0"},
				"east": {"uv": [8.125, 5.5, 8.25, 10], "texture": "#0"},
				"south": {"uv": [8.125, 5.5, 8.25, 10], "texture": "#0"},
				"west": {"uv": [8.125, 5.5, 8.25, 10], "texture": "#0"},
				"up": {"uv": [8.125, 5.5, 8.25, 5.625], "texture": "#0"},
				"down": {"uv": [8.125, 9.875, 8.25, 10], "texture": "#0"}
			}
		},
		{
			"name": "ironsword_8",
			"from": [7.25, 6, 7.9],
			"to": [7.5, 6.25, 8.225],
			"faces": {
				"north": {"uv": [9, 9.75, 8.75, 10], "texture": "#0"},
				"east": {"uv": [8.875, 9.75, 9, 10], "texture": "#0"},
				"south": {"uv": [8.75, 9.75, 9, 10], "texture": "#0"},
				"west": {"uv": [8.75, 9.75, 8.875, 10], "texture": "#0"},
				"up": {"uv": [8.75, 9.75, 9, 9.875], "texture": "#0"},
				"down": {"uv": [8.75, 9.875, 9, 10], "texture": "#0"}
			}
		},
		{
			"name": "ironsword_9",
			"from": [8.625, 6, 7.9],
			"to": [8.875, 6.25, 8.225],
			"faces": {
				"north": {"uv": [10.375, 9.75, 10.125, 10], "texture": "#0"},
				"east": {"uv": [10.25, 9.75, 10.375, 10], "texture": "#0"},
				"south": {"uv": [10.125, 9.75, 10.375, 10], "texture": "#0"},
				"west": {"uv": [10.125, 9.75, 10.25, 10], "texture": "#0"},
				"up": {"uv": [10.125, 9.75, 10.375, 9.875], "texture": "#0"},
				"down": {"uv": [10.125, 9.875, 10.375, 10], "texture": "#0"}
			}
		},
		{
			"name": "ironsword_10",
			"from": [7.125, 6, 7.9],
			"to": [7.25, 6.125, 8.225],
			"faces": {
				"north": {"uv": [8.75, 9.875, 8.625, 10], "texture": "#0"},
				"east": {"uv": [8.625, 9.875, 8.75, 10], "texture": "#0"},
				"south": {"uv": [8.625, 9.875, 8.75, 10], "texture": "#0"},
				"west": {"uv": [8.625, 9.875, 8.75, 10], "texture": "#0"},
				"up": {"uv": [8.625, 9.875, 8.75, 10], "texture": "#0"},
				"down": {"uv": [8.625, 9.875, 8.75, 10], "texture": "#0"}
			}
		},
		{
			"name": "ironsword_11",
			"from": [7.5, 5.875, 7.9],
			"to": [7.75, 6.125, 8.225],
			"faces": {
				"north": {"uv": [9.25, 9.875, 9, 10.125], "texture": "#0"},
				"east": {"uv": [9.125, 9.875, 9.25, 10.125], "texture": "#0"},
				"south": {"uv": [9, 9.875, 9.25, 10.125], "texture": "#0"},
				"west": {"uv": [9, 9.875, 9.125, 10.125], "texture": "#0"},
				"up": {"uv": [9, 9.875, 9.25, 10], "texture": "#0"},
				"down": {"uv": [9, 10, 9.25, 10.125], "texture": "#0"}
			}
		},
		{
			"name": "ironsword_12",
			"from": [8.375, 5.875, 7.9],
			"to": [8.625, 6.125, 8.225],
			"faces": {
				"north": {"uv": [10.125, 9.875, 9.875, 10.125], "texture": "#0"},
				"east": {"uv": [10, 9.875, 10.125, 10.125], "texture": "#0"},
				"south": {"uv": [9.875, 9.875, 10.125, 10.125], "texture": "#0"},
				"west": {"uv": [9.875, 9.875, 10, 10.125], "texture": "#0"},
				"up": {"uv": [9.875, 9.875, 10.125, 10], "texture": "#0"},
				"down": {"uv": [9.875, 10, 10.125, 10.125], "texture": "#0"}
			}
		},
		{
			"name": "ironsword_13",
			"from": [8.875, 6, 7.9],
			"to": [9, 6.125, 8.225],
			"faces": {
				"north": {"uv": [10.5, 9.875, 10.375, 10], "texture": "#0"},
				"east": {"uv": [10.375, 9.875, 10.5, 10], "texture": "#0"},
				"south": {"uv": [10.375, 9.875, 10.5, 10], "texture": "#0"},
				"west": {"uv": [10.375, 9.875, 10.5, 10], "texture": "#0"},
				"up": {"uv": [10.375, 9.875, 10.5, 10], "texture": "#0"},
				"down": {"uv": [10.375, 9.875, 10.5, 10], "texture": "#0"}
			}
		},
		{
			"name": "ironsword_14",
			"from": [7.375, 5.875, 7.9],
			"to": [7.5, 6, 8.225],
			"faces": {
				"north": {"uv": [9, 10, 8.875, 10.125], "texture": "#0"},
				"east": {"uv": [8.875, 10, 9, 10.125], "texture": "#0"},
				"south": {"uv": [8.875, 10, 9, 10.125], "texture": "#0"},
				"west": {"uv": [8.875, 10, 9, 10.125], "texture": "#0"},
				"up": {"uv": [8.875, 10, 9, 10.125], "texture": "#0"},
				"down": {"uv": [8.875, 10, 9, 10.125], "texture": "#0"}
			}
		},
		{
			"name": "ironsword_15",
			"from": [7.75, 5.625, 7.9],
			"to": [8, 6, 8.225],
			"faces": {
				"north": {"uv": [9.5, 10, 9.25, 10.375], "texture": "#0"},
				"east": {"uv": [9.375, 10, 9.5, 10.375], "texture": "#0"},
				"south": {"uv": [9.25, 10, 9.5, 10.375], "texture": "#0"},
				"west": {"uv": [9.25, 10, 9.375, 10.375], "texture": "#0"},
				"up": {"uv": [9.25, 10, 9.5, 10.125], "texture": "#0"},
				"down": {"uv": [9.25, 10.25, 9.5, 10.375], "texture": "#0"}
			}
		},
		{
			"name": "ironsword_16",
			"from": [8.125, 5.625, 7.9],
			"to": [8.375, 6, 8.225],
			"faces": {
				"north": {"uv": [9.875, 10, 9.625, 10.375], "texture": "#0"},
				"east": {"uv": [9.75, 10, 9.875, 10.375], "texture": "#0"},
				"south": {"uv": [9.625, 10, 9.875, 10.375], "texture": "#0"},
				"west": {"uv": [9.625, 10, 9.75, 10.375], "texture": "#0"},
				"up": {"uv": [9.625, 10, 9.875, 10.125], "texture": "#0"},
				"down": {"uv": [9.625, 10.25, 9.875, 10.375], "texture": "#0"}
			}
		},
		{
			"name": "ironsword_17",
			"from": [8.625, 5.875, 7.9],
			"to": [8.75, 6, 8.225],
			"faces": {
				"north": {"uv": [10.25, 10, 10.125, 10.125], "texture": "#0"},
				"east": {"uv": [10.125, 10, 10.25, 10.125], "texture": "#0"},
				"south": {"uv": [10.125, 10, 10.25, 10.125], "texture": "#0"},
				"west": {"uv": [10.125, 10, 10.25, 10.125], "texture": "#0"},
				"up": {"uv": [10.125, 10, 10.25, 10.125], "texture": "#0"},
				"down": {"uv": [10.125, 10, 10.25, 10.125], "texture": "#0"}
			}
		},
		{
			"name": "ironsword_18",
			"from": [7.625, 5.75, 7.9],
			"to": [7.75, 5.875, 8.225],
			"faces": {
				"north": {"uv": [9.25, 10.125, 9.125, 10.25], "texture": "#0"},
				"east": {"uv": [9.125, 10.125, 9.25, 10.25], "texture": "#0"},
				"south": {"uv": [9.125, 10.125, 9.25, 10.25], "texture": "#0"},
				"west": {"uv": [9.125, 10.125, 9.25, 10.25], "texture": "#0"},
				"up": {"uv": [9.125, 10.125, 9.25, 10.25], "texture": "#0"},
				"down": {"uv": [9.125, 10.125, 9.25, 10.25], "texture": "#0"}
			}
		},
		{
			"name": "ironsword_19",
			"from": [8, 5.5, 7.9],
			"to": [8.125, 5.875, 8.225],
			"faces": {
				"north": {"uv": [9.625, 10.125, 9.5, 10.5], "texture": "#0"},
				"east": {"uv": [9.5, 10.125, 9.625, 10.5], "texture": "#0"},
				"south": {"uv": [9.5, 10.125, 9.625, 10.5], "texture": "#0"},
				"west": {"uv": [9.5, 10.125, 9.625, 10.5], "texture": "#0"},
				"up": {"uv": [9.5, 10.125, 9.625, 10.25], "texture": "#0"},
				"down": {"uv": [9.5, 10.375, 9.625, 10.5], "texture": "#0"}
			}
		},
		{
			"name": "ironsword_20",
			"from": [8.375, 5.75, 7.9],
			"to": [8.5, 5.875, 8.225],
			"faces": {
				"north": {"uv": [10, 10.125, 9.875, 10.25], "texture": "#0"},
				"east": {"uv": [9.875, 10.125, 10, 10.25], "texture": "#0"},
				"south": {"uv": [9.875, 10.125, 10, 10.25], "texture": "#0"},
				"west": {"uv": [9.875, 10.125, 10, 10.25], "texture": "#0"},
				"up": {"uv": [9.875, 10.125, 10, 10.25], "texture": "#0"},
				"down": {"uv": [9.875, 10.125, 10, 10.25], "texture": "#0"}
			}
		},
		{
			"name": "ironsword_21",
			"from": [7.875, 5.5, 7.9],
			"to": [8, 5.625, 8.225],
			"faces": {
				"north": {"uv": [9.5, 10.375, 9.375, 10.5], "texture": "#0"},
				"east": {"uv": [9.375, 10.375, 9.5, 10.5], "texture": "#0"},
				"south": {"uv": [9.375, 10.375, 9.5, 10.5], "texture": "#0"},
				"west": {"uv": [9.375, 10.375, 9.5, 10.5], "texture": "#0"},
				"up": {"uv": [9.375, 10.375, 9.5, 10.5], "texture": "#0"},
				"down": {"uv": [9.375, 10.375, 9.5, 10.5], "texture": "#0"}
			}
		},
		{
			"name": "ironsword_22",
			"from": [8.125, 5.5, 7.9],
			"to": [8.25, 5.625, 8.225],
			"faces": {
				"north": {"uv": [9.75, 10.375, 9.625, 10.5], "texture": "#0"},
				"east": {"uv": [9.625, 10.375, 9.75, 10.5], "texture": "#0"},
				"south": {"uv": [9.625, 10.375, 9.75, 10.5], "texture": "#0"},
				"west": {"uv": [9.625, 10.375, 9.75, 10.5], "texture": "#0"},
				"up": {"uv": [9.625, 10.375, 9.75, 10.5], "texture": "#0"},
				"down": {"uv": [9.625, 10.375, 9.75, 10.5], "texture": "#0"}
			}
		},
		{
			"name": "ironsword_23",
			"from": [7.875, 3.5, 7.9],
			"to": [8.25, 5.5, 8.225],
			"faces": {
				"north": {"uv": [8.25, 10.5, 7.875, 12.5], "texture": "#0"},
				"east": {"uv": [8.125, 10.5, 8.25, 12.5], "texture": "#0"},
				"south": {"uv": [7.875, 10.5, 8.25, 12.5], "texture": "#0"},
				"west": {"uv": [7.875, 10.5, 8, 12.5], "texture": "#0"},
				"up": {"uv": [7.875, 10.5, 8.25, 10.625], "texture": "#0"},
				"down": {"uv": [7.875, 12.375, 8.25, 12.5], "texture": "#0"}
			}
		},
		{
			"name": "ironsword_24",
			"from": [7.75, 3.25, 7.8],
			"to": [8.375, 3.5, 8.325],
			"faces": {
				"north": {"uv": [8.375, 12.75, 7.75, 13], "texture": "#0"},
				"east": {"uv": [8.25, 12.75, 8.375, 13], "texture": "#0"},
				"south": {"uv": [7.75, 12.75, 8.375, 13], "texture": "#0"},
				"west": {"uv": [7.75, 12.75, 7.875, 13], "texture": "#0"},
				"up": {"uv": [7.75, 12.75, 8.375, 12.875], "texture": "#0"},
				"down": {"uv": [7.75, 12.875, 8.375, 13], "texture": "#0"}
			}
		},
		{
			"name": "ironsword_25",
			"from": [7.875, 3.125, 7.8],
			"to": [8.25, 3.25, 8.325],
			"faces": {
				"north": {"uv": [8.25, 13, 7.875, 13.125], "texture": "#0"},
				"east": {"uv": [8.125, 13, 8.25, 13.125], "texture": "#0"},
				"south": {"uv": [7.875, 13, 8.25, 13.125], "texture": "#0"},
				"west": {"uv": [7.875, 13, 8, 13.125], "texture": "#0"},
				"up": {"uv": [7.875, 13, 8.25, 13.125], "texture": "#0"},
				"down": {"uv": [7.875, 13, 8.25, 13.125], "texture": "#0"}
			}
		}
	],
	"gui_light": "front",
	"display": {
		"thirdperson_righthand": {
			"rotation": [0, 90, 0],
			"translation": [-0.25, 7.75, 1],
			"scale": [3, 3, 2.5]
		},
		"thirdperson_lefthand": {
			"rotation": [0, 90, 0],
			"translation": [-0.25, 8, 1],
			"scale": [3, 3, 2.5]
		},
		"firstperson_righthand": {
			"rotation": [6, 95, 0],
			"translation": [0, 8.25, 3.5],
			"scale": [2.3, 2.3, 2]
		},
		"firstperson_lefthand": {
			"rotation": [6, -80, 0],
			"translation": [1.5, 8.25, 2.75],
			"scale": [2.3, 2.3, 2]
		},
		"ground": {
			"rotation": [0, 0, -45],
			"translation": [0, 3.3956, 0],
			"scale": [2, 2, 2]
		},
		"gui": {
			"rotation": [0, 0, -45],
			"translation": [2.25, 1.75, 0],
			"scale": [3, 3, 1.6]
		},
		"head": {
			"rotation": [-180, 1, 45],
			"translation": [-0.75, -15, 4.25],
			"scale": [4, 4, 3]
		},
		"fixed": {
			"rotation": [0, 0, 45],
			"translation": [-2.5, 3.25, -0.75],
			"scale": [4, 4, 4]
		}
	},
	"groups": [
		{
			"name": "ironsword",
			"origin": [8, 8, 8],
			"color": 0,
			"children": [0, 1, 2, 3, 4, 5, 6, 7, 8, 9, 10, 11, 12, 13, 14, 15, 16, 17, 18, 19, 20, 21, 22, 23, 24, 25]
		}
	]
}