{
	"credit": "Made with Blockbench",
	"ambientocclusion": false,
	"textures": {
		"0": "block/flowers/poppy",
		"particle": "block/flowers/poppy"
	},
	"elements": [
		{
			"from": [8.15, 8.6, 7.5],
			"to": [9.15, 8.9, 8.5],
			"rotation": {"angle": 0, "axis": "y", "origin": [7.75, 0, 8]},
			"faces": {
				"north": {"uv": [7, 15, 8, 15.5], "texture": "#0"},
				"east": {"uv": [8, 15, 7, 15.5], "texture": "#0"},
				"south": {"uv": [7, 15, 8, 15.5], "texture": "#0"},
				"west": {"uv": [8, 15, 7, 15.5], "texture": "#0"},
				"up": {"uv": [8, 15, 7, 16], "texture": "#0"},
				"down": {"uv": [8, 15, 7, 16], "texture": "#0"}
			}
		},
		{
			"from": [7.5, 0, 8],
			"to": [9, 8.5, 8],
			"rotation": {"angle": 0, "axis": "y", "origin": [7.5, 0, 8]},
			"faces": {
				"north": {"uv": [0, 7.5, 1.5, 16], "texture": "#0"},
				"east": {"uv": [0, 0, 0, 10], "texture": "#missing"},
				"south": {"uv": [1.5, 7.5, 0, 16], "texture": "#0"},
				"west": {"uv": [0, 0, 0, 10], "texture": "#missing"},
				"up": {"uv": [0, 0, 1.5, 0], "texture": "#missing"},
				"down": {"uv": [0, 0, 1.5, 0], "texture": "#missing"}
			}
		},
		{
			"from": [11.95, 7.4, 6.5],
			"to": [14.45, 7.4, 9.5],
			"rotation": {"angle": 22.5, "axis": "z", "origin": [7.75, -0.1, 8]},
			"faces": {
				"north": {"uv": [0, 0, 3, 0], "texture": "#missing"},
				"east": {"uv": [0, 0, 3, 0], "texture": "#missing"},
				"south": {"uv": [0, 0, 3, 0], "texture": "#missing"},
				"west": {"uv": [0, 0, 3, 0], "texture": "#missing"},
				"up": {"uv": [5.5, 0, 8.5, 2.5], "rotation": 90, "texture": "#0"},
				"down": {"uv": [5.5, 2.5, 8.5, 0], "rotation": 270, "texture": "#0"}
			}
		},
		{
			"from": [7.2, 7.8, 11.25],
			"to": [10.2, 7.8, 13.75],
			"rotation": {"angle": -22.5, "axis": "x", "origin": [7.75, -0.1, 8]},
			"faces": {
				"north": {"uv": [0, 0, 3, 0], "texture": "#missing"},
				"east": {"uv": [0, 0, 3, 0], "texture": "#missing"},
				"south": {"uv": [0, 0, 3, 0], "texture": "#missing"},
				"west": {"uv": [0, 0, 3, 0], "texture": "#missing"},
				"up": {"uv": [5.5, 0, 8.5, 2.5], "rotation": 180, "texture": "#0"},
				"down": {"uv": [5.5, 2.5, 8.5, 0], "rotation": 180, "texture": "#0"}
			}
		},
		{
			"from": [7.2, 7.8, 2.15],
			"to": [10.2, 7.8, 4.65],
			"rotation": {"angle": 22.5, "axis": "x", "origin": [7.75, -0.1, 8]},
			"faces": {
				"north": {"uv": [0, 0, 3, 0], "texture": "#missing"},
				"east": {"uv": [0, 0, 3, 0], "texture": "#missing"},
				"south": {"uv": [0, 0, 3, 0], "texture": "#missing"},
				"west": {"uv": [0, 0, 3, 0], "texture": "#missing"},
				"up": {"uv": [5.5, 0, 8.5, 2.5], "texture": "#0"},
				"down": {"uv": [5.5, 2.5, 8.5, 0], "texture": "#0"}
			}
		},
		{
			"from": [2.8, 8.15, 6.5],
			"to": [5.3, 8.15, 9.5],
			"rotation": {"angle": -22.5, "axis": "z", "origin": [7.75, -0.1, 8]},
			"faces": {
				"north": {"uv": [0, 0, 3, 0], "texture": "#missing"},
				"east": {"uv": [0, 0, 3, 0], "texture": "#missing"},
				"south": {"uv": [0, 0, 3, 0], "texture": "#missing"},
				"west": {"uv": [0, 0, 3, 0], "texture": "#missing"},
				"up": {"uv": [5.5, 0, 8.5, 2.5], "rotation": 270, "texture": "#0"},
				"down": {"uv": [5.5, 2.5, 8.5, 0], "rotation": 90, "texture": "#0"}
			}
		},
		{
			"from": [6.7, 8.5, 6],
			"to": [10.7, 8.5, 10],
			"rotation": {"angle": 0, "axis": "y", "origin": [7.75, 0, 8]},
			"faces": {
				"north": {"uv": [0, 0, 6, 0], "texture": "#missing"},
				"east": {"uv": [0, 0, 6, 0], "texture": "#missing"},
				"south": {"uv": [0, 0, 6, 0], "texture": "#missing"},
				"west": {"uv": [0, 0, 6, 0], "texture": "#missing"},
				"up": {"uv": [16, 0, 12, 4], "rotation": 90, "texture": "#0"},
				"down": {"uv": [12, 0, 16, 4], "rotation": 270, "texture": "#0"}
			}
		},
		{
			"from": [8, 0.5, 3.5],
			"to": [12, 0.5, 7.5],
			"rotation": {"angle": 45, "axis": "x", "origin": [7.5, 0, 8]},
			"faces": {
				"north": {"uv": [0, 0, 6, 0], "texture": "#missing"},
				"east": {"uv": [0, 0, 3, 0], "texture": "#missing"},
				"south": {"uv": [0, 0, 6, 0], "texture": "#missing"},
				"west": {"uv": [0, 0, 3, 0], "texture": "#missing"},
				"up": {"uv": [12, 12, 16, 16], "texture": "#0"},
				"down": {"uv": [12, 16, 16, 12], "texture": "#0"}
			}
		}
	],
	"display": {
		"thirdperson_righthand": {
			"translation": [0, 3.5, 1.25],
			"scale": [0.5, 0.5, 0.5]
		},
		"thirdperson_lefthand": {
			"translation": [0, 3.5, 1.25],
			"scale": [0.5, 0.5, 0.5]
		},
		"firstperson_righthand": {
			"translation": [0, 5, 2.5],
			"scale": [0.75, 0.75, 0.75]
		},
		"firstperson_lefthand": {
			"rotation": [0, -39, 0],
			"translation": [0, 4.75, 2.25],
			"scale": [0.75, 0.75, 0.75]
		},
		"gui": {
			"rotation": [27, 48, 0],
			"translation": [0, 1.5, 0],
			"scale": [1.2, 1.2, 1.2]
		},
		"head": {
			"translation": [0, 14.5, 0]
		},
		"fixed": {
			"translation": [0, 0, -0.25]
		}
	},
	"groups": [
		{
			"name": "flower",
			"origin": [-0.25, 0, 0],
			"color": 0,
			"children": []
		},
		{
			"name": "flower",
			"origin": [-0.25, 0, 0],
			"color": 0,
			"children": [0, 1, 2, 3, 4, 5, 6, 7]
		},
		{
			"name": "flower",
			"origin": [-0.25, 0, 0],
			"color": 0,
			"children": []
		},
		{
			"name": "flower",
			"origin": [-0.25, 0, 0],
			"color": 0,
			"children": []
		}
	]
}