{
	"credit": "Made with Blockbench",
	"parent": "minecraft:block/template_lantern",
	"textures": {
		"1": "block/lantern2",
		"particle": "block/lantern2",
		"lantern": "block/soul_lantern"
	},
	"elements": [
		{
			"from": [5, 0, 5],
			"to": [11, 7, 11],
			"faces": {
				"north": {"uv": [0, 2, 6, 9], "texture": "#lantern"},
				"east": {"uv": [0, 2, 6, 9], "texture": "#lantern"},
				"south": {"uv": [0, 2, 6, 9], "texture": "#lantern"},
				"west": {"uv": [0, 2, 6, 9], "texture": "#lantern"},
				"up": {"uv": [0, 9, 6, 15], "texture": "#lantern"},
				"down": {"uv": [0, 9, 6, 15], "texture": "#lantern"}
			}
		},
		{
			"from": [6, 7, 6],
			"to": [10, 9, 10],
			"faces": {
				"north": {"uv": [1, 0, 5, 2], "texture": "#lantern"},
				"east": {"uv": [1, 0, 5, 2], "texture": "#lantern"},
				"south": {"uv": [1, 0, 5, 2], "texture": "#lantern"},
				"west": {"uv": [1, 0, 5, 2], "texture": "#lantern"},
				"up": {"uv": [1, 10, 5, 14], "texture": "#lantern"}
			}
		},
		{
			"from": [11, 6.05, 7.75],
			"to": [11.5, 13.05, 8.25],
			"rotation": {"angle": 0, "axis": "y", "origin": [3, 13, 3]},
			"faces": {
				"north": {"uv": [7.5, 1.5, 8, 8.5], "texture": "#1"},
				"east": {"uv": [7.5, 1.5, 8, 8.5], "texture": "#1"},
				"south": {"uv": [7.5, 1.5, 8, 8.5], "texture": "#1"},
				"west": {"uv": [7.5, 1.5, 8, 8.5], "texture": "#1"},
				"up": {"uv": [7.5, 1.5, 8, 2], "rotation": 90, "texture": "#1"},
				"down": {"uv": [7.5, 1.5, 8, 2], "rotation": 270, "texture": "#1"}
			}
		},
		{
			"from": [4.5, 6.05, 7.75],
			"to": [5, 13.05, 8.25],
			"rotation": {"angle": 0, "axis": "y", "origin": [3, 13, 3]},
			"faces": {
				"north": {"uv": [7.5, 1.5, 8, 8.5], "texture": "#1"},
				"east": {"uv": [7.5, 1.5, 8, 8.5], "texture": "#1"},
				"south": {"uv": [7.5, 1.5, 8, 8.5], "texture": "#1"},
				"west": {"uv": [7.5, 1.5, 8, 8.5], "texture": "#1"},
				"up": {"uv": [7.5, 1.5, 8, 2], "rotation": 90, "texture": "#1"},
				"down": {"uv": [7.5, 1.5, 8, 2], "rotation": 270, "texture": "#1"}
			}
		},
		{
			"from": [5, 12.05, 7.75],
			"to": [11, 13.05, 8.25],
			"rotation": {"angle": 0, "axis": "y", "origin": [3, 13, 3]},
			"faces": {
				"north": {"uv": [8, 1.5, 14, 2.5], "texture": "#1"},
				"east": {"uv": [0, 0, 0.5, 1], "texture": "#missing"},
				"south": {"uv": [8, 1.5, 14, 2.5], "texture": "#1"},
				"west": {"uv": [0, 0, 0.5, 1], "texture": "#missing"},
				"up": {"uv": [7.5, 2, 8, 8], "rotation": 90, "texture": "#1"},
				"down": {"uv": [7.5, 2, 8, 8], "rotation": 270, "texture": "#1"}
			}
		}
	],
	"gui_light": "front",
	"display": {
		"thirdperson_righthand": {
			"rotation": [70, 0, 0],
			"translation": [0, -3, -1.25],
			"scale": [0.7, 0.7, 0.7]
		},
		"thirdperson_lefthand": {
			"rotation": [70, 0, 0],
			"translation": [0, -3, -1.25],
			"scale": [0.7, 0.7, 0.7]
		},
		"firstperson_righthand": {
			"rotation": [11, -3.25, 0],
			"translation": [1.75, 13.75, -1.25],
			"scale": [0.85, 0.85, 0.85]
		},
		"firstperson_lefthand": {
			"rotation": [11, -3.25, 0],
			"translation": [1.75, 13.75, -1.25],
			"scale": [0.85, 0.85, 0.85]
		},
		"ground": {
			"translation": [0, 4, 0],
			"scale": [0.65, 0.65, 0.65]
		},
		"gui": {
			"rotation": [16, -31, 0],
			"translation": [0.25, 2.5, 0]
		},
		"head": {
			"translation": [0, 14, 0]
		},
		"fixed": {
			"translation": [-0.25, 3.25, 0]
		}
	}
}