{
	"credit": "Made with Blockbench",
	"parent": "block/cross",
	"textures": {
		"1": "block/warped_fungi_extra",
		"particle": "block/warped_fungi_extra"
	},
	"elements": [
		{
			"from": [6.5, 3, 6.5],
			"to": [9.5, 6, 9.5],
			"faces": {
				"north": {"uv": [8, 1.5, 11, 4.5], "texture": "#1"},
				"east": {"uv": [8, 1.5, 11, 4.5], "texture": "#1"},
				"south": {"uv": [8, 1.5, 11, 4.5], "texture": "#1"},
				"west": {"uv": [8, 1.5, 11, 4.5], "texture": "#1"},
				"down": {"uv": [8, 8, 11, 11], "texture": "#1"}
			}
		},
		{
			"from": [4, 6.4, 3.85],
			"to": [12, 8.4, 11.85],
			"faces": {
				"north": {"uv": [0, 5.5, 8, 7.5], "texture": "#1"},
				"east": {"uv": [0, 2, 8, 4], "texture": "#1"},
				"south": {"uv": [0, 0, 8, 2], "texture": "#1"},
				"west": {"uv": [0, 4, 8, 6], "texture": "#1"},
				"up": {"uv": [0, 0, 8, 8], "texture": "#1"},
				"down": {"uv": [0, 8, 8, 16], "texture": "#1"}
			}
		},
		{
			"from": [5, 8.4, 4.85],
			"to": [11, 10.4, 10.85],
			"faces": {
				"north": {"uv": [2, 2.5, 8, 4.5], "texture": "#1"},
				"east": {"uv": [1, 6, 7, 8], "texture": "#1"},
				"south": {"uv": [0, 0, 6, 2], "texture": "#1"},
				"west": {"uv": [2, 6, 8, 8], "texture": "#1"},
				"up": {"uv": [0, 0, 6, 6], "texture": "#1"}
			}
		},
		{
			"from": [7, 0, 7],
			"to": [9, 3, 9],
			"faces": {
				"north": {"uv": [8.5, 5, 10.5, 8], "texture": "#1"},
				"east": {"uv": [8.5, 5, 10.5, 8], "texture": "#1"},
				"south": {"uv": [8.5, 5, 10.5, 8], "texture": "#1"},
				"west": {"uv": [8.5, 5, 10.5, 8], "texture": "#1"},
				"up": {"uv": [0, 0, 2, 2], "texture": "#missing"},
				"down": {"uv": [8.5, 4.5, 10.5, 6.5], "texture": "#1"}
			}
		},
		{
			"from": [5.75, 4.4, 5.6],
			"to": [10.25, 6.4, 10.1],
			"faces": {
				"north": {"uv": [11.5, 0, 16, 2], "texture": "#1"},
				"east": {"uv": [11.5, 0, 16, 2], "texture": "#1"},
				"south": {"uv": [11.5, 0, 16, 2], "texture": "#1"},
				"west": {"uv": [11.5, 0, 16, 2], "texture": "#1"}
			}
		}
	],
	"display": {
		"thirdperson_righthand": {
			"translation": [0, 4, 1.25],
			"scale": [0.7, 0.7, 0.7]
		},
		"thirdperson_lefthand": {
			"translation": [0, 4, 1.25],
			"scale": [0.7, 0.7, 0.7]
		},
		"firstperson_righthand": {
			"translation": [0.5, 4.25, 0.5],
			"scale": [0.7, 0.7, 0.7]
		},
		"firstperson_lefthand": {
			"translation": [0.5, 4.25, 0.5],
			"scale": [0.7, 0.7, 0.7]
		},
		"gui": {
			"rotation": [15, 31, 0],
			"translation": [0, 1.75, 0]
		},
		"head": {
			"translation": [0, 13.75, 0]
		}
	}
}