{
	"credit": "Made with Blockbench",
	"ambientocclusion": false,
	"textures": {
		"particle": "block/bamboo_small_leaves",
		"texture": "block/bamboo_small_leaves"
	},
	"elements": [
		{
			"from": [0.8, 0, 8],
			"to": [15.2, 16, 8],
			"shade": false,
			"faces": {
				"north": {"uv": [0, 0, 16, 16], "texture": "#texture", "tintindex": 0},
				"south": {"uv": [0, 0, 16, 16], "texture": "#texture", "tintindex": 0}
			}
		},
		{
			"from": [8, 0, 0.8],
			"to": [8, 16, 15.2],
			"shade": false,
			"faces": {
				"east": {"uv": [0, 0, 16, 16], "texture": "#texture", "tintindex": 0},
				"west": {"uv": [0, 0, 16, 16], "texture": "#texture", "tintindex": 0}
			}
		},
		{
			"from": [-7.2, 0, 11.3],
			"to": [7.2, 16, 11.3],
			"shade": false,
			"rotation": {"angle": 45, "axis": "y", "origin": [0, 0, 0]},
			"faces": {
				"north": {"uv": [0, 0, 16, 16], "texture": "#texture", "tintindex": 0},
				"south": {"uv": [0, 0, 16, 16], "texture": "#texture", "tintindex": 0}
			}
		},
		{
			"from": [3.8, 0, -0.1],
			"to": [18.2, 16, -0.1],
			"shade": false,
			"rotation": {"angle": -45, "axis": "y", "origin": [0, 0, 0]},
			"faces": {
				"north": {"uv": [0, 0, 16, 16], "texture": "#texture", "tintindex": 0},
				"south": {"uv": [0, 0, 16, 16], "texture": "#texture", "tintindex": 0}
			}
		}
	]
}