{
	"credit": "Made with Blockbench",
	"parent": "block/block",
	"textures": {
		"3": "block/cactus_flower",
		"bottom": "block/cactus_bottom",
		"top": "block/cactus_top",
		"particle": "block/cactus_side",
		"side": "block/cactus_side"
	},
	"elements": [
		{
			"from": [0, 0, 0],
			"to": [16, 16, 16],
			"faces": {
				"up": {"uv": [0, 0, 16, 16], "texture": "#top", "cullface": "up"},
				"down": {"uv": [0, 0, 16, 16], "texture": "#bottom", "cullface": "down"}
			}
		},
		{
			"from": [0, 0, 1],
			"to": [16, 16, 15],
			"faces": {
				"north": {"uv": [0, 0, 16, 16], "texture": "#side"},
				"south": {"uv": [0, 0, 16, 16], "texture": "#side"}
			}
		},
		{
			"from": [1, 0, 0],
			"to": [15, 16, 16],
			"faces": {
				"east": {"uv": [0, 0, 16, 16], "texture": "#side"},
				"west": {"uv": [0, 0, 16, 16], "texture": "#side"}
			}
		},
		{
			"from": [0, 19, -0.75],
			"to": [16, 19, 7.25],
			"rotation": {"angle": 22.5, "axis": "x", "origin": [0, 16, 0]},
			"faces": {
				"north": {"uv": [0, 0, 16, 0], "texture": "#missing"},
				"east": {"uv": [0, 0, 8, 0], "texture": "#missing"},
				"south": {"uv": [0, 0, 16, 0], "texture": "#missing"},
				"west": {"uv": [0, 0, 8, 0], "texture": "#missing"},
				"up": {"uv": [0, 0, 16, 8], "texture": "#3"},
				"down": {"uv": [0, 8, 16, 16], "texture": "#3"}
			}
		},
		{
			"from": [0, 13, 7.25],
			"to": [16, 13, 15.25],
			"rotation": {"angle": -22.5, "axis": "x", "origin": [0, 16, 0]},
			"faces": {
				"north": {"uv": [0, 0, 16, 0], "texture": "#missing"},
				"east": {"uv": [0, 0, 8, 0], "texture": "#missing"},
				"south": {"uv": [0, 0, 16, 0], "texture": "#missing"},
				"west": {"uv": [0, 0, 8, 0], "texture": "#missing"},
				"up": {"uv": [0, 8, 16, 16], "texture": "#3"},
				"down": {"uv": [0, 0, 16, 8], "texture": "#3"}
			}
		},
		{
			"from": [-0.5, 19.25, 0],
			"to": [7.5, 19.25, 16],
			"rotation": {"angle": -22.5, "axis": "z", "origin": [0, 16, 0]},
			"faces": {
				"north": {"uv": [0, 0, 8, 0], "texture": "#missing"},
				"east": {"uv": [0, 0, 16, 0], "texture": "#missing"},
				"south": {"uv": [0, 0, 8, 0], "texture": "#missing"},
				"west": {"uv": [0, 0, 16, 0], "texture": "#missing"},
				"up": {"uv": [0, 0, 8, 16], "texture": "#3"},
				"down": {"uv": [0, 0, 8, 16], "texture": "#3"}
			}
		},
		{
			"from": [7.5, 13, 0],
			"to": [15.5, 13, 16],
			"rotation": {"angle": 22.5, "axis": "z", "origin": [0, 16, 0]},
			"faces": {
				"north": {"uv": [0, 0, 8, 0], "texture": "#missing"},
				"east": {"uv": [0, 0, 16, 0], "texture": "#missing"},
				"south": {"uv": [0, 0, 8, 0], "texture": "#missing"},
				"west": {"uv": [0, 0, 16, 0], "texture": "#missing"},
				"up": {"uv": [8, 0, 16, 16], "texture": "#3"},
				"down": {"uv": [8, 0, 16, 16], "texture": "#3"}
			}
		}
	]
}