{
	"credit": "Made with Blockbench",
	"ambientocclusion": false,
	"textures": {
		"0": "block/flowers/cornflower",
		"particle": "block/flowers/cornflower"
	},
	"elements": [
		{
			"from": [4.5, 7.65, 6.3],
			"to": [6, 9.15, 6.3],
			"rotation": {"angle": 45, "axis": "y", "origin": [5.25, 7.75, 6.25]},
			"faces": {
				"north": {"uv": [14.5, 14.5, 16, 16], "texture": "#0"},
				"east": {"uv": [0, 0, 0, 1.5], "texture": "#missing"},
				"south": {"uv": [14.5, 14.5, 16, 16], "texture": "#0"},
				"west": {"uv": [0, 0, 0, 1.5], "texture": "#missing"},
				"up": {"uv": [0, 0, 1.5, 0], "texture": "#missing"},
				"down": {"uv": [0, 0, 1.5, 0], "texture": "#missing"}
			}
		},
		{
			"from": [5.25, -0.25, 3.25],
			"to": [5.25, 6.75, 7.25],
			"rotation": {"angle": 0, "axis": "y", "origin": [4.25, -2.25, 1.25]},
			"faces": {
				"north": {"uv": [0, 0, 2, 9], "texture": "#missing"},
				"east": {"uv": [9, 9, 5, 16], "texture": "#0"},
				"south": {"uv": [0, 0, 2, 9], "texture": "#missing"},
				"west": {"uv": [5, 9, 9, 16], "texture": "#0"},
				"up": {"uv": [0, 0, 2, 4], "texture": "#missing"},
				"down": {"uv": [0, 0, 2, 4], "texture": "#missing"}
			}
		},
		{
			"from": [4.75, 6.25, 5.75],
			"to": [5.75, 7.75, 6.75],
			"rotation": {"angle": 0, "axis": "y", "origin": [4.25, -2.25, 1.25]},
			"faces": {
				"north": {"uv": [0, 14.5, 1, 16], "texture": "#0"},
				"east": {"uv": [0, 14.5, 1, 16], "texture": "#0"},
				"south": {"uv": [0, 14.5, 1, 16], "texture": "#0"},
				"west": {"uv": [0, 14.5, 1.5, 16], "texture": "#0"},
				"down": {"uv": [0, 14.5, 1, 15.5], "texture": "#0"}
			}
		},
		{
			"from": [2.5, 7.75, 3.5],
			"to": [8, 7.75, 9],
			"rotation": {"angle": 0, "axis": "y", "origin": [4.25, -2.25, 1.25]},
			"faces": {
				"north": {"uv": [0, 0, 5.5, 0], "texture": "#missing"},
				"east": {"uv": [0, 0, 5.5, 0], "texture": "#missing"},
				"south": {"uv": [0, 0, 5.5, 0], "texture": "#missing"},
				"west": {"uv": [0, 0, 5.5, 0], "texture": "#missing"},
				"up": {"uv": [0, 0, 5.5, 5.5], "texture": "#0"},
				"down": {"uv": [0, 0, 5.5, 5.5], "texture": "#0"}
			}
		},
		{
			"from": [2.5, 7.65, 3.5],
			"to": [8, 7.65, 6],
			"rotation": {"angle": 22.5, "axis": "x", "origin": [5.25, 7.75, 6.25]},
			"faces": {
				"north": {"uv": [0, 0, 5.5, 0], "texture": "#missing"},
				"east": {"uv": [0, 0, 2.5, 0], "texture": "#missing"},
				"south": {"uv": [0, 0, 5.5, 0], "texture": "#missing"},
				"west": {"uv": [0, 0, 2.5, 0], "texture": "#missing"},
				"up": {"uv": [6, 0, 11.5, 2.5], "texture": "#0"},
				"down": {"uv": [6, 2.5, 11.5, 0], "texture": "#0"}
			}
		},
		{
			"from": [5.5, 7.9, 3.5],
			"to": [8, 7.9, 9],
			"rotation": {"angle": -22.5, "axis": "z", "origin": [5.25, 8, 6.25]},
			"faces": {
				"north": {"uv": [0, 0, 2.5, 0], "texture": "#missing"},
				"east": {"uv": [0, 0, 5.5, 0], "texture": "#missing"},
				"south": {"uv": [0, 0, 2.5, 0], "texture": "#missing"},
				"west": {"uv": [0, 0, 5.5, 0], "texture": "#missing"},
				"up": {"uv": [6, 0, 11.5, 2.5], "rotation": 90, "texture": "#0"},
				"down": {"uv": [6, 2.5, 11.5, 0], "rotation": 270, "texture": "#0"}
			}
		},
		{
			"from": [2.5, 7.9, 6.5],
			"to": [8, 7.9, 9],
			"rotation": {"angle": 22.5, "axis": "x", "origin": [5.25, 8, 6.25]},
			"faces": {
				"north": {"uv": [0, 0, 5.5, 0], "texture": "#missing"},
				"east": {"uv": [0, 0, 2.5, 0], "texture": "#missing"},
				"south": {"uv": [0, 0, 5.5, 0], "texture": "#missing"},
				"west": {"uv": [0, 0, 2.5, 0], "texture": "#missing"},
				"up": {"uv": [6, 0, 11.5, 2.5], "rotation": 180, "texture": "#0"},
				"down": {"uv": [6, 2.5, 11.5, 0], "rotation": 180, "texture": "#0"}
			}
		},
		{
			"from": [2.5, 7.9, 3.5],
			"to": [5, 7.9, 9],
			"rotation": {"angle": 22.5, "axis": "z", "origin": [5.25, 8, 6.25]},
			"faces": {
				"north": {"uv": [0, 0, 2.5, 0], "texture": "#missing"},
				"east": {"uv": [0, 0, 5.5, 0], "texture": "#missing"},
				"south": {"uv": [0, 0, 2.5, 0], "texture": "#missing"},
				"west": {"uv": [0, 0, 5.5, 0], "texture": "#missing"},
				"up": {"uv": [6, 0, 11.5, 2.5], "rotation": 270, "texture": "#0"},
				"down": {"uv": [6, 2.5, 11.5, 0], "rotation": 90, "texture": "#0"}
			}
		},
		{
			"from": [2.5, 7.9, 3.5],
			"to": [8, 7.9, 6],
			"rotation": {"angle": -22.5, "axis": "x", "origin": [5.25, 8, 6.25]},
			"faces": {
				"north": {"uv": [0, 0, 5.5, 0], "texture": "#missing"},
				"east": {"uv": [0, 0, 2.5, 0], "texture": "#missing"},
				"south": {"uv": [0, 0, 5.5, 0], "texture": "#missing"},
				"west": {"uv": [0, 0, 2.5, 0], "texture": "#missing"},
				"up": {"uv": [6, 0, 11.5, 2.5], "texture": "#0"},
				"down": {"uv": [6, 2.5, 11.5, 0], "texture": "#0"}
			}
		},
		{
			"from": [2.5, 7.65, 3.5],
			"to": [5, 7.65, 9],
			"rotation": {"angle": -22.5, "axis": "z", "origin": [5.25, 7.75, 6.25]},
			"faces": {
				"north": {"uv": [0, 0, 2.5, 0], "texture": "#missing"},
				"east": {"uv": [0, 0, 5.5, 0], "texture": "#missing"},
				"south": {"uv": [0, 0, 2.5, 0], "texture": "#missing"},
				"west": {"uv": [0, 0, 5.5, 0], "texture": "#missing"},
				"up": {"uv": [6, 0, 11.5, 2.5], "rotation": 270, "texture": "#0"},
				"down": {"uv": [6, 2.5, 11.5, 0], "rotation": 90, "texture": "#0"}
			}
		},
		{
			"from": [2.5, 7.65, 6.5],
			"to": [8, 7.65, 9],
			"rotation": {"angle": -22.5, "axis": "x", "origin": [5.25, 7.75, 6.25]},
			"faces": {
				"north": {"uv": [0, 0, 5.5, 0], "texture": "#missing"},
				"east": {"uv": [0, 0, 2.5, 0], "texture": "#missing"},
				"south": {"uv": [0, 0, 5.5, 0], "texture": "#missing"},
				"west": {"uv": [0, 0, 2.5, 0], "texture": "#missing"},
				"up": {"uv": [6, 0, 11.5, 2.5], "rotation": 180, "texture": "#0"},
				"down": {"uv": [6, 2.5, 11.5, 0], "rotation": 180, "texture": "#0"}
			}
		},
		{
			"from": [5.5, 7.65, 3.5],
			"to": [8, 7.65, 9],
			"rotation": {"angle": 22.5, "axis": "z", "origin": [5.25, 7.75, 6.25]},
			"faces": {
				"north": {"uv": [0, 0, 2.5, 0], "texture": "#missing"},
				"east": {"uv": [0, 0, 5.5, 0], "texture": "#missing"},
				"south": {"uv": [0, 0, 2.5, 0], "texture": "#missing"},
				"west": {"uv": [0, 0, 5.5, 0], "texture": "#missing"},
				"up": {"uv": [6, 0, 11.5, 2.5], "rotation": 90, "texture": "#0"},
				"down": {"uv": [6, 2.5, 11.5, 0], "rotation": 270, "texture": "#0"}
			}
		},
		{
			"from": [4.5, 7.65, 6.3],
			"to": [6, 9.15, 6.3],
			"rotation": {"angle": -45, "axis": "y", "origin": [5.25, 7.75, 6.25]},
			"faces": {
				"north": {"uv": [14.5, 14.5, 16, 16], "texture": "#0"},
				"east": {"uv": [0, 0, 0, 1.5], "texture": "#missing"},
				"south": {"uv": [14.5, 14.5, 16, 16], "texture": "#0"},
				"west": {"uv": [0, 0, 0, 1.5], "texture": "#missing"},
				"up": {"uv": [0, 0, 1.5, 0], "texture": "#missing"},
				"down": {"uv": [0, 0, 1.5, 0], "texture": "#missing"}
			}
		},
		{
			"from": [13, 9.9, 3.3],
			"to": [14.5, 11.4, 3.3],
			"rotation": {"angle": 45, "axis": "y", "origin": [13.75, 10, 3.25]},
			"faces": {
				"north": {"uv": [14.5, 14.5, 16, 16], "texture": "#0"},
				"east": {"uv": [0, 0, 0, 1.5], "texture": "#missing"},
				"south": {"uv": [14.5, 14.5, 16, 16], "texture": "#0"},
				"west": {"uv": [0, 0, 0, 1.5], "texture": "#missing"},
				"up": {"uv": [0, 0, 1.5, 0], "texture": "#missing"},
				"down": {"uv": [0, 0, 1.5, 0], "texture": "#missing"}
			}
		},
		{
			"from": [10.75, 0, 3.25],
			"to": [14.75, 9, 3.25],
			"rotation": {"angle": 22.5, "axis": "y", "origin": [12.75, 0, -1.75]},
			"faces": {
				"north": {"uv": [5, 7, 9, 16], "texture": "#0"},
				"east": {"uv": [0, 0, 2, 9], "texture": "#missing"},
				"south": {"uv": [9, 7, 5, 16], "texture": "#0"},
				"west": {"uv": [0, 0, 2, 9], "texture": "#missing"},
				"up": {"uv": [0, 0, 2, 4], "rotation": 90, "texture": "#missing"},
				"down": {"uv": [0, 0, 2, 4], "rotation": 270, "texture": "#missing"}
			}
		},
		{
			"from": [13.25, 8.5, 2.75],
			"to": [14.25, 10, 3.75],
			"rotation": {"angle": 0, "axis": "y", "origin": [12.75, 0, -1.75]},
			"faces": {
				"north": {"uv": [0, 14.5, 1, 16], "texture": "#0"},
				"east": {"uv": [0, 14.5, 1, 16], "texture": "#0"},
				"south": {"uv": [0, 14.5, 1, 16], "texture": "#0"},
				"west": {"uv": [0, 14.5, 1.5, 16], "texture": "#0"},
				"down": {"uv": [0, 14.5, 1, 15.5], "texture": "#0"}
			}
		},
		{
			"from": [11, 10, 0.5],
			"to": [16.5, 10, 6],
			"rotation": {"angle": 0, "axis": "y", "origin": [12.75, 0, -1.75]},
			"faces": {
				"north": {"uv": [0, 0, 5.5, 0], "texture": "#missing"},
				"east": {"uv": [0, 0, 5.5, 0], "texture": "#missing"},
				"south": {"uv": [0, 0, 5.5, 0], "texture": "#missing"},
				"west": {"uv": [0, 0, 5.5, 0], "texture": "#missing"},
				"up": {"uv": [0, 0, 5.5, 5.5], "texture": "#0"},
				"down": {"uv": [0, 0, 5.5, 5.5], "texture": "#0"}
			}
		},
		{
			"from": [11, 9.9, 0.5],
			"to": [16.5, 9.9, 3],
			"rotation": {"angle": 22.5, "axis": "x", "origin": [13.75, 10, 3.25]},
			"faces": {
				"north": {"uv": [0, 0, 5.5, 0], "texture": "#missing"},
				"east": {"uv": [0, 0, 2.5, 0], "texture": "#missing"},
				"south": {"uv": [0, 0, 5.5, 0], "texture": "#missing"},
				"west": {"uv": [0, 0, 2.5, 0], "texture": "#missing"},
				"up": {"uv": [6, 0, 11.5, 2.5], "texture": "#0"},
				"down": {"uv": [6, 2.5, 11.5, 0], "texture": "#0"}
			}
		},
		{
			"from": [14, 10.15, 0.5],
			"to": [16.5, 10.15, 6],
			"rotation": {"angle": -22.5, "axis": "z", "origin": [13.75, 10.25, 3.25]},
			"faces": {
				"north": {"uv": [0, 0, 2.5, 0], "texture": "#missing"},
				"east": {"uv": [0, 0, 5.5, 0], "texture": "#missing"},
				"south": {"uv": [0, 0, 2.5, 0], "texture": "#missing"},
				"west": {"uv": [0, 0, 5.5, 0], "texture": "#missing"},
				"up": {"uv": [6, 0, 11.5, 2.5], "rotation": 90, "texture": "#0"},
				"down": {"uv": [6, 2.5, 11.5, 0], "rotation": 270, "texture": "#0"}
			}
		},
		{
			"from": [11, 10.15, 3.5],
			"to": [16.5, 10.15, 6],
			"rotation": {"angle": 22.5, "axis": "x", "origin": [13.75, 10.25, 3.25]},
			"faces": {
				"north": {"uv": [0, 0, 5.5, 0], "texture": "#missing"},
				"east": {"uv": [0, 0, 2.5, 0], "texture": "#missing"},
				"south": {"uv": [0, 0, 5.5, 0], "texture": "#missing"},
				"west": {"uv": [0, 0, 2.5, 0], "texture": "#missing"},
				"up": {"uv": [6, 0, 11.5, 2.5], "rotation": 180, "texture": "#0"},
				"down": {"uv": [6, 2.5, 11.5, 0], "rotation": 180, "texture": "#0"}
			}
		},
		{
			"from": [11, 10.15, 0.5],
			"to": [13.5, 10.15, 6],
			"rotation": {"angle": 22.5, "axis": "z", "origin": [13.75, 10.25, 3.25]},
			"faces": {
				"north": {"uv": [0, 0, 2.5, 0], "texture": "#missing"},
				"east": {"uv": [0, 0, 5.5, 0], "texture": "#missing"},
				"south": {"uv": [0, 0, 2.5, 0], "texture": "#missing"},
				"west": {"uv": [0, 0, 5.5, 0], "texture": "#missing"},
				"up": {"uv": [6, 0, 11.5, 2.5], "rotation": 270, "texture": "#0"},
				"down": {"uv": [6, 2.5, 11.5, 0], "rotation": 90, "texture": "#0"}
			}
		},
		{
			"from": [11, 10.15, 0.5],
			"to": [16.5, 10.15, 3],
			"rotation": {"angle": -22.5, "axis": "x", "origin": [13.75, 10.25, 3.25]},
			"faces": {
				"north": {"uv": [0, 0, 5.5, 0], "texture": "#missing"},
				"east": {"uv": [0, 0, 2.5, 0], "texture": "#missing"},
				"south": {"uv": [0, 0, 5.5, 0], "texture": "#missing"},
				"west": {"uv": [0, 0, 2.5, 0], "texture": "#missing"},
				"up": {"uv": [6, 0, 11.5, 2.5], "texture": "#0"},
				"down": {"uv": [6, 2.5, 11.5, 0], "texture": "#0"}
			}
		},
		{
			"from": [11, 9.9, 0.5],
			"to": [13.5, 9.9, 6],
			"rotation": {"angle": -22.5, "axis": "z", "origin": [13.75, 10, 3.25]},
			"faces": {
				"north": {"uv": [0, 0, 2.5, 0], "texture": "#missing"},
				"east": {"uv": [0, 0, 5.5, 0], "texture": "#missing"},
				"south": {"uv": [0, 0, 2.5, 0], "texture": "#missing"},
				"west": {"uv": [0, 0, 5.5, 0], "texture": "#missing"},
				"up": {"uv": [6, 0, 11.5, 2.5], "rotation": 270, "texture": "#0"},
				"down": {"uv": [6, 2.5, 11.5, 0], "rotation": 90, "texture": "#0"}
			}
		},
		{
			"from": [11, 9.9, 3.5],
			"to": [16.5, 9.9, 6],
			"rotation": {"angle": -22.5, "axis": "x", "origin": [13.75, 10, 3.25]},
			"faces": {
				"north": {"uv": [0, 0, 5.5, 0], "texture": "#missing"},
				"east": {"uv": [0, 0, 2.5, 0], "texture": "#missing"},
				"south": {"uv": [0, 0, 5.5, 0], "texture": "#missing"},
				"west": {"uv": [0, 0, 2.5, 0], "texture": "#missing"},
				"up": {"uv": [6, 0, 11.5, 2.5], "rotation": 180, "texture": "#0"},
				"down": {"uv": [6, 2.5, 11.5, 0], "rotation": 180, "texture": "#0"}
			}
		},
		{
			"from": [14, 9.9, 0.5],
			"to": [16.5, 9.9, 6],
			"rotation": {"angle": 22.5, "axis": "z", "origin": [13.75, 10, 3.25]},
			"faces": {
				"north": {"uv": [0, 0, 2.5, 0], "texture": "#missing"},
				"east": {"uv": [0, 0, 5.5, 0], "texture": "#missing"},
				"south": {"uv": [0, 0, 2.5, 0], "texture": "#missing"},
				"west": {"uv": [0, 0, 5.5, 0], "texture": "#missing"},
				"up": {"uv": [6, 0, 11.5, 2.5], "rotation": 90, "texture": "#0"},
				"down": {"uv": [6, 2.5, 11.5, 0], "rotation": 270, "texture": "#0"}
			}
		},
		{
			"from": [13, 9.9, 3.3],
			"to": [14.5, 11.4, 3.3],
			"rotation": {"angle": -45, "axis": "y", "origin": [13.75, 10, 3.25]},
			"faces": {
				"north": {"uv": [14.5, 14.5, 16, 16], "texture": "#0"},
				"east": {"uv": [0, 0, 0, 1.5], "texture": "#missing"},
				"south": {"uv": [14.5, 14.5, 16, 16], "texture": "#0"},
				"west": {"uv": [0, 0, 0, 1.5], "texture": "#missing"},
				"up": {"uv": [0, 0, 1.5, 0], "texture": "#missing"},
				"down": {"uv": [0, 0, 1.5, 0], "texture": "#missing"}
			}
		},
		{
			"from": [2.25, 8.4, 12.05],
			"to": [3.75, 9.9, 12.05],
			"rotation": {"angle": 45, "axis": "y", "origin": [3, 8.5, 12]},
			"faces": {
				"north": {"uv": [14.5, 14.5, 16, 16], "texture": "#0"},
				"east": {"uv": [0, 0, 0, 1.5], "texture": "#missing"},
				"south": {"uv": [14.5, 14.5, 16, 16], "texture": "#0"},
				"west": {"uv": [0, 0, 0, 1.5], "texture": "#missing"},
				"up": {"uv": [0, 0, 1.5, 0], "texture": "#missing"},
				"down": {"uv": [0, 0, 1.5, 0], "texture": "#missing"}
			}
		},
		{
			"from": [4.75, -0.5, 8],
			"to": [4.75, 7.5, 12],
			"rotation": {"angle": -22.5, "axis": "y", "origin": [2, -1.5, 7]},
			"faces": {
				"north": {"uv": [0, 0, 2, 9], "texture": "#missing"},
				"east": {"uv": [9, 8, 5, 16], "texture": "#0"},
				"south": {"uv": [0, 0, 2, 9], "texture": "#missing"},
				"west": {"uv": [5, 8, 9, 16], "texture": "#0"},
				"up": {"uv": [0, 0, 2, 4], "texture": "#missing"},
				"down": {"uv": [0, 0, 2, 4], "texture": "#missing"}
			}
		},
		{
			"from": [2.5, 7, 11.5],
			"to": [3.5, 8.5, 12.5],
			"rotation": {"angle": 0, "axis": "x", "origin": [2, -1.5, 7]},
			"faces": {
				"north": {"uv": [0, 14.5, 1, 16], "texture": "#0"},
				"east": {"uv": [0, 14.5, 1, 16], "texture": "#0"},
				"south": {"uv": [0, 14.5, 1, 16], "texture": "#0"},
				"west": {"uv": [0, 14.5, 1.5, 16], "texture": "#0"},
				"down": {"uv": [0, 14.5, 1, 15.5], "texture": "#0"}
			}
		},
		{
			"from": [0.25, 8.5, 9.25],
			"to": [5.75, 8.5, 14.75],
			"rotation": {"angle": 0, "axis": "x", "origin": [2, -1.5, 7]},
			"faces": {
				"north": {"uv": [0, 0, 5.5, 0], "texture": "#missing"},
				"east": {"uv": [0, 0, 5.5, 0], "texture": "#missing"},
				"south": {"uv": [0, 0, 5.5, 0], "texture": "#missing"},
				"west": {"uv": [0, 0, 5.5, 0], "texture": "#missing"},
				"up": {"uv": [0, 0, 5.5, 5.5], "texture": "#0"},
				"down": {"uv": [0, 0, 5.5, 5.5], "texture": "#0"}
			}
		},
		{
			"from": [0.25, 8.4, 9.25],
			"to": [5.75, 8.4, 11.75],
			"rotation": {"angle": 22.5, "axis": "x", "origin": [3, 8.5, 12]},
			"faces": {
				"north": {"uv": [0, 0, 5.5, 0], "texture": "#missing"},
				"east": {"uv": [0, 0, 2.5, 0], "texture": "#missing"},
				"south": {"uv": [0, 0, 5.5, 0], "texture": "#missing"},
				"west": {"uv": [0, 0, 2.5, 0], "texture": "#missing"},
				"up": {"uv": [6, 0, 11.5, 2.5], "texture": "#0"},
				"down": {"uv": [6, 2.5, 11.5, 0], "texture": "#0"}
			}
		},
		{
			"from": [3.25, 8.65, 9.25],
			"to": [5.75, 8.65, 14.75],
			"rotation": {"angle": -22.5, "axis": "z", "origin": [3, 8.75, 12]},
			"faces": {
				"north": {"uv": [0, 0, 2.5, 0], "texture": "#missing"},
				"east": {"uv": [0, 0, 5.5, 0], "texture": "#missing"},
				"south": {"uv": [0, 0, 2.5, 0], "texture": "#missing"},
				"west": {"uv": [0, 0, 5.5, 0], "texture": "#missing"},
				"up": {"uv": [6, 0, 11.5, 2.5], "rotation": 90, "texture": "#0"},
				"down": {"uv": [6, 2.5, 11.5, 0], "rotation": 270, "texture": "#0"}
			}
		},
		{
			"from": [0.25, 8.65, 12.25],
			"to": [5.75, 8.65, 14.75],
			"rotation": {"angle": 22.5, "axis": "x", "origin": [3, 8.75, 12]},
			"faces": {
				"north": {"uv": [0, 0, 5.5, 0], "texture": "#missing"},
				"east": {"uv": [0, 0, 2.5, 0], "texture": "#missing"},
				"south": {"uv": [0, 0, 5.5, 0], "texture": "#missing"},
				"west": {"uv": [0, 0, 2.5, 0], "texture": "#missing"},
				"up": {"uv": [6, 0, 11.5, 2.5], "rotation": 180, "texture": "#0"},
				"down": {"uv": [6, 2.5, 11.5, 0], "rotation": 180, "texture": "#0"}
			}
		},
		{
			"from": [0.25, 8.65, 9.25],
			"to": [2.75, 8.65, 14.75],
			"rotation": {"angle": 22.5, "axis": "z", "origin": [3, 8.75, 12]},
			"faces": {
				"north": {"uv": [0, 0, 2.5, 0], "texture": "#missing"},
				"east": {"uv": [0, 0, 5.5, 0], "texture": "#missing"},
				"south": {"uv": [0, 0, 2.5, 0], "texture": "#missing"},
				"west": {"uv": [0, 0, 5.5, 0], "texture": "#missing"},
				"up": {"uv": [6, 0, 11.5, 2.5], "rotation": 270, "texture": "#0"},
				"down": {"uv": [6, 2.5, 11.5, 0], "rotation": 90, "texture": "#0"}
			}
		},
		{
			"from": [0.25, 8.65, 9.25],
			"to": [5.75, 8.65, 11.75],
			"rotation": {"angle": -22.5, "axis": "x", "origin": [3, 8.75, 12]},
			"faces": {
				"north": {"uv": [0, 0, 5.5, 0], "texture": "#missing"},
				"east": {"uv": [0, 0, 2.5, 0], "texture": "#missing"},
				"south": {"uv": [0, 0, 5.5, 0], "texture": "#missing"},
				"west": {"uv": [0, 0, 2.5, 0], "texture": "#missing"},
				"up": {"uv": [6, 0, 11.5, 2.5], "texture": "#0"},
				"down": {"uv": [6, 2.5, 11.5, 0], "texture": "#0"}
			}
		},
		{
			"from": [0.25, 8.4, 9.25],
			"to": [2.75, 8.4, 14.75],
			"rotation": {"angle": -22.5, "axis": "z", "origin": [3, 8.5, 12]},
			"faces": {
				"north": {"uv": [0, 0, 2.5, 0], "texture": "#missing"},
				"east": {"uv": [0, 0, 5.5, 0], "texture": "#missing"},
				"south": {"uv": [0, 0, 2.5, 0], "texture": "#missing"},
				"west": {"uv": [0, 0, 5.5, 0], "texture": "#missing"},
				"up": {"uv": [6, 0, 11.5, 2.5], "rotation": 270, "texture": "#0"},
				"down": {"uv": [6, 2.5, 11.5, 0], "rotation": 90, "texture": "#0"}
			}
		},
		{
			"from": [0.25, 8.4, 12.25],
			"to": [5.75, 8.4, 14.75],
			"rotation": {"angle": -22.5, "axis": "x", "origin": [3, 8.5, 12]},
			"faces": {
				"north": {"uv": [0, 0, 5.5, 0], "texture": "#missing"},
				"east": {"uv": [0, 0, 2.5, 0], "texture": "#missing"},
				"south": {"uv": [0, 0, 5.5, 0], "texture": "#missing"},
				"west": {"uv": [0, 0, 2.5, 0], "texture": "#missing"},
				"up": {"uv": [6, 0, 11.5, 2.5], "rotation": 180, "texture": "#0"},
				"down": {"uv": [6, 2.5, 11.5, 0], "rotation": 180, "texture": "#0"}
			}
		},
		{
			"from": [3.25, 8.4, 9.25],
			"to": [5.75, 8.4, 14.75],
			"rotation": {"angle": 22.5, "axis": "z", "origin": [3, 8.5, 12]},
			"faces": {
				"north": {"uv": [0, 0, 2.5, 0], "texture": "#missing"},
				"east": {"uv": [0, 0, 5.5, 0], "texture": "#missing"},
				"south": {"uv": [0, 0, 2.5, 0], "texture": "#missing"},
				"west": {"uv": [0, 0, 5.5, 0], "texture": "#missing"},
				"up": {"uv": [6, 0, 11.5, 2.5], "rotation": 90, "texture": "#0"},
				"down": {"uv": [6, 2.5, 11.5, 0], "rotation": 270, "texture": "#0"}
			}
		},
		{
			"from": [2.25, 8.4, 12.05],
			"to": [3.75, 9.9, 12.05],
			"rotation": {"angle": -45, "axis": "y", "origin": [3, 8.5, 12]},
			"faces": {
				"north": {"uv": [14.5, 14.5, 16, 16], "texture": "#0"},
				"east": {"uv": [0, 0, 0, 1.5], "texture": "#missing"},
				"south": {"uv": [14.5, 14.5, 16, 16], "texture": "#0"},
				"west": {"uv": [0, 0, 0, 1.5], "texture": "#missing"},
				"up": {"uv": [0, 0, 1.5, 0], "texture": "#missing"},
				"down": {"uv": [0, 0, 1.5, 0], "texture": "#missing"}
			}
		},
		{
			"from": [11.75, 7.65, 13.05],
			"to": [13.25, 9.15, 13.05],
			"rotation": {"angle": 45, "axis": "y", "origin": [12.5, 7.75, 13]},
			"faces": {
				"north": {"uv": [14.5, 14.5, 16, 16], "texture": "#0"},
				"east": {"uv": [0, 0, 0, 1.5], "texture": "#missing"},
				"south": {"uv": [14.5, 14.5, 16, 16], "texture": "#0"},
				"west": {"uv": [0, 0, 0, 1.5], "texture": "#missing"},
				"up": {"uv": [0, 0, 1.5, 0], "texture": "#missing"},
				"down": {"uv": [0, 0, 1.5, 0], "texture": "#missing"}
			}
		},
		{
			"from": [9, -0.25, 10.75],
			"to": [9, 6.75, 14.75],
			"rotation": {"angle": 45, "axis": "y", "origin": [11.5, -2.25, 8]},
			"faces": {
				"north": {"uv": [0, 0, 2, 9], "texture": "#missing"},
				"east": {"uv": [5, 9, 9, 16], "texture": "#0"},
				"south": {"uv": [0, 0, 2, 9], "texture": "#missing"},
				"west": {"uv": [9, 9, 5, 16], "texture": "#0"},
				"up": {"uv": [0, 0, 2, 4], "rotation": 180, "texture": "#missing"},
				"down": {"uv": [0, 0, 2, 4], "rotation": 180, "texture": "#missing"}
			}
		},
		{
			"from": [12, 6.25, 12.5],
			"to": [13, 7.75, 13.5],
			"rotation": {"angle": 0, "axis": "y", "origin": [11.5, -2.25, 8]},
			"faces": {
				"north": {"uv": [0, 14.5, 1, 16], "texture": "#0"},
				"east": {"uv": [0, 14.5, 1, 16], "texture": "#0"},
				"south": {"uv": [0, 14.5, 1, 16], "texture": "#0"},
				"west": {"uv": [0, 14.5, 1.5, 16], "texture": "#0"},
				"down": {"uv": [0, 14.5, 1, 15.5], "texture": "#0"}
			}
		},
		{
			"from": [9.75, 7.75, 10.25],
			"to": [15.25, 7.75, 15.75],
			"rotation": {"angle": 0, "axis": "y", "origin": [11.5, -2.25, 8]},
			"faces": {
				"north": {"uv": [0, 0, 5.5, 0], "texture": "#missing"},
				"east": {"uv": [0, 0, 5.5, 0], "texture": "#missing"},
				"south": {"uv": [0, 0, 5.5, 0], "texture": "#missing"},
				"west": {"uv": [0, 0, 5.5, 0], "texture": "#missing"},
				"up": {"uv": [0, 0, 5.5, 5.5], "texture": "#0"},
				"down": {"uv": [0, 0, 5.5, 5.5], "texture": "#0"}
			}
		},
		{
			"from": [9.75, 7.65, 10.25],
			"to": [15.25, 7.65, 12.75],
			"rotation": {"angle": 22.5, "axis": "x", "origin": [12.5, 7.75, 13]},
			"faces": {
				"north": {"uv": [0, 0, 5.5, 0], "texture": "#missing"},
				"east": {"uv": [0, 0, 2.5, 0], "texture": "#missing"},
				"south": {"uv": [0, 0, 5.5, 0], "texture": "#missing"},
				"west": {"uv": [0, 0, 2.5, 0], "texture": "#missing"},
				"up": {"uv": [6, 0, 11.5, 2.5], "texture": "#0"},
				"down": {"uv": [6, 2.5, 11.5, 0], "texture": "#0"}
			}
		},
		{
			"from": [12.75, 7.9, 10.25],
			"to": [15.25, 7.9, 15.75],
			"rotation": {"angle": -22.5, "axis": "z", "origin": [12.5, 8, 13]},
			"faces": {
				"north": {"uv": [0, 0, 2.5, 0], "texture": "#missing"},
				"east": {"uv": [0, 0, 5.5, 0], "texture": "#missing"},
				"south": {"uv": [0, 0, 2.5, 0], "texture": "#missing"},
				"west": {"uv": [0, 0, 5.5, 0], "texture": "#missing"},
				"up": {"uv": [6, 0, 11.5, 2.5], "rotation": 90, "texture": "#0"},
				"down": {"uv": [6, 2.5, 11.5, 0], "rotation": 270, "texture": "#0"}
			}
		},
		{
			"from": [9.75, 7.9, 13.25],
			"to": [15.25, 7.9, 15.75],
			"rotation": {"angle": 22.5, "axis": "x", "origin": [12.5, 8, 13]},
			"faces": {
				"north": {"uv": [0, 0, 5.5, 0], "texture": "#missing"},
				"east": {"uv": [0, 0, 2.5, 0], "texture": "#missing"},
				"south": {"uv": [0, 0, 5.5, 0], "texture": "#missing"},
				"west": {"uv": [0, 0, 2.5, 0], "texture": "#missing"},
				"up": {"uv": [6, 0, 11.5, 2.5], "rotation": 180, "texture": "#0"},
				"down": {"uv": [6, 2.5, 11.5, 0], "rotation": 180, "texture": "#0"}
			}
		},
		{
			"from": [9.75, 7.9, 10.25],
			"to": [12.25, 7.9, 15.75],
			"rotation": {"angle": 22.5, "axis": "z", "origin": [12.5, 8, 13]},
			"faces": {
				"north": {"uv": [0, 0, 2.5, 0], "texture": "#missing"},
				"east": {"uv": [0, 0, 5.5, 0], "texture": "#missing"},
				"south": {"uv": [0, 0, 2.5, 0], "texture": "#missing"},
				"west": {"uv": [0, 0, 5.5, 0], "texture": "#missing"},
				"up": {"uv": [6, 0, 11.5, 2.5], "rotation": 270, "texture": "#0"},
				"down": {"uv": [6, 2.5, 11.5, 0], "rotation": 90, "texture": "#0"}
			}
		},
		{
			"from": [9.75, 7.9, 10.25],
			"to": [15.25, 7.9, 12.75],
			"rotation": {"angle": -22.5, "axis": "x", "origin": [12.5, 8, 13]},
			"faces": {
				"north": {"uv": [0, 0, 5.5, 0], "texture": "#missing"},
				"east": {"uv": [0, 0, 2.5, 0], "texture": "#missing"},
				"south": {"uv": [0, 0, 5.5, 0], "texture": "#missing"},
				"west": {"uv": [0, 0, 2.5, 0], "texture": "#missing"},
				"up": {"uv": [6, 0, 11.5, 2.5], "texture": "#0"},
				"down": {"uv": [6, 2.5, 11.5, 0], "texture": "#0"}
			}
		},
		{
			"from": [9.75, 7.65, 10.25],
			"to": [12.25, 7.65, 15.75],
			"rotation": {"angle": -22.5, "axis": "z", "origin": [12.5, 7.75, 13]},
			"faces": {
				"north": {"uv": [0, 0, 2.5, 0], "texture": "#missing"},
				"east": {"uv": [0, 0, 5.5, 0], "texture": "#missing"},
				"south": {"uv": [0, 0, 2.5, 0], "texture": "#missing"},
				"west": {"uv": [0, 0, 5.5, 0], "texture": "#missing"},
				"up": {"uv": [6, 0, 11.5, 2.5], "rotation": 270, "texture": "#0"},
				"down": {"uv": [6, 2.5, 11.5, 0], "rotation": 90, "texture": "#0"}
			}
		},
		{
			"from": [9.75, 7.65, 13.25],
			"to": [15.25, 7.65, 15.75],
			"rotation": {"angle": -22.5, "axis": "x", "origin": [12.5, 7.75, 13]},
			"faces": {
				"north": {"uv": [0, 0, 5.5, 0], "texture": "#missing"},
				"east": {"uv": [0, 0, 2.5, 0], "texture": "#missing"},
				"south": {"uv": [0, 0, 5.5, 0], "texture": "#missing"},
				"west": {"uv": [0, 0, 2.5, 0], "texture": "#missing"},
				"up": {"uv": [6, 0, 11.5, 2.5], "rotation": 180, "texture": "#0"},
				"down": {"uv": [6, 2.5, 11.5, 0], "rotation": 180, "texture": "#0"}
			}
		},
		{
			"from": [12.75, 7.65, 10.25],
			"to": [15.25, 7.65, 15.75],
			"rotation": {"angle": 22.5, "axis": "z", "origin": [12.5, 7.75, 13]},
			"faces": {
				"north": {"uv": [0, 0, 2.5, 0], "texture": "#missing"},
				"east": {"uv": [0, 0, 5.5, 0], "texture": "#missing"},
				"south": {"uv": [0, 0, 2.5, 0], "texture": "#missing"},
				"west": {"uv": [0, 0, 5.5, 0], "texture": "#missing"},
				"up": {"uv": [6, 0, 11.5, 2.5], "rotation": 90, "texture": "#0"},
				"down": {"uv": [6, 2.5, 11.5, 0], "rotation": 270, "texture": "#0"}
			}
		},
		{
			"from": [11.75, 7.65, 13.05],
			"to": [13.25, 9.15, 13.05],
			"rotation": {"angle": -45, "axis": "y", "origin": [12.5, 7.75, 13]},
			"faces": {
				"north": {"uv": [14.5, 14.5, 16, 16], "texture": "#0"},
				"east": {"uv": [0, 0, 0, 1.5], "texture": "#missing"},
				"south": {"uv": [14.5, 14.5, 16, 16], "texture": "#0"},
				"west": {"uv": [0, 0, 0, 1.5], "texture": "#missing"},
				"up": {"uv": [0, 0, 1.5, 0], "texture": "#missing"},
				"down": {"uv": [0, 0, 1.5, 0], "texture": "#missing"}
			}
		}
	],
	"display": {
		"thirdperson_righthand": {
			"translation": [0, 1.5, 0.5],
			"scale": [0.5, 0.5, 0.5]
		},
		"thirdperson_lefthand": {
			"translation": [0, 1.5, 0.5],
			"scale": [0.5, 0.5, 0.5]
		},
		"firstperson_righthand": {
			"translation": [0, 2.75, 2.5],
			"scale": [0.75, 0.75, 0.75]
		},
		"firstperson_lefthand": {
			"rotation": [0, -39, 0],
			"translation": [0, 2.75, 2.25],
			"scale": [0.75, 0.75, 0.75]
		},
		"gui": {
			"rotation": [27, 48, 0]
		},
		"head": {
			"translation": [0, 14.5, 0]
		},
		"fixed": {
			"translation": [0, 0, 0.25]
		}
	},
	"groups": [
		{
			"name": "flower",
			"origin": [1, 10, 5],
			"color": 0,
			"children": [0, 1, 2, 3, 4, 5, 6, 7, 8, 9, 10, 11, 12]
		},
		{
			"name": "flower",
			"origin": [1, 10, 5],
			"color": 0,
			"children": [13, 14, 15, 16, 17, 18, 19, 20, 21, 22, 23, 24, 25]
		},
		{
			"name": "flower",
			"origin": [1, 10, 5],
			"color": 0,
			"children": [26, 27, 28, 29, 30, 31, 32, 33, 34, 35, 36, 37, 38]
		},
		{
			"name": "flower",
			"origin": [1, 10, 5],
			"color": 0,
			"children": [39, 40, 41, 42, 43, 44, 45, 46, 47, 48, 49, 50, 51]
		}
	]
}