{
	"credit": "Made with Blockbench",
	"parent": "block/cross",
	"textures": {
		"1": "block/crimson_fungus_extra",
		"particle": "block/crimson_fungus_extra"
	},
	"elements": [
		{
			"from": [6.5, 5, 9.5],
			"to": [9.5, 8, 12.5],
			"faces": {
				"north": {"uv": [8, 0, 11, 3], "texture": "#1"},
				"east": {"uv": [8, 0, 11, 3], "texture": "#1"},
				"south": {"uv": [8, 0, 11, 3], "texture": "#1"},
				"west": {"uv": [8, 0, 11, 3], "texture": "#1"},
				"down": {"uv": [8, 10, 11, 13], "texture": "#1"}
			}
		},
		{
			"from": [4, 8, 7.2],
			"to": [12, 10, 15.2],
			"faces": {
				"north": {"uv": [0, 5.5, 8, 7.5], "texture": "#1"},
				"east": {"uv": [0, 2, 8, 4], "texture": "#1"},
				"south": {"uv": [0, 0, 8, 2], "texture": "#1"},
				"west": {"uv": [0, 4, 8, 6], "texture": "#1"},
				"up": {"uv": [0, 0, 8, 8], "texture": "#1"},
				"down": {"uv": [0, 8, 8, 16], "texture": "#1"}
			}
		},
		{
			"from": [5, 10, 8.2],
			"to": [11, 12, 14.2],
			"faces": {
				"north": {"uv": [2, 2.5, 8, 4.5], "texture": "#1"},
				"east": {"uv": [1, 6, 7, 8], "texture": "#1"},
				"south": {"uv": [0, 0, 6, 2], "texture": "#1"},
				"west": {"uv": [2, 6, 8, 8], "texture": "#1"},
				"up": {"uv": [1, 1, 7, 7], "texture": "#1"}
			}
		},
		{
			"from": [6, 12, 9.2],
			"to": [10, 14, 12.2],
			"faces": {
				"north": {"uv": [2, 0, 6, 2], "texture": "#1"},
				"east": {"uv": [5, 2.5, 8, 4.5], "texture": "#1"},
				"south": {"uv": [2, 4.5, 6, 6.5], "texture": "#1"},
				"west": {"uv": [2, 6, 5, 8], "texture": "#1"},
				"up": {"uv": [2, 2, 6, 5], "texture": "#1"}
			}
		},
		{
			"from": [7, 2.8, 7],
			"to": [9, 9.8, 9],
			"rotation": {"angle": 22.5, "axis": "x", "origin": [0, 0, 0]},
			"faces": {
				"north": {"uv": [8.5, 3, 10.5, 10], "texture": "#1"},
				"east": {"uv": [8.5, 3, 10.5, 10], "texture": "#1"},
				"south": {"uv": [8.5, 3, 10.5, 10], "texture": "#1"},
				"west": {"uv": [8.5, 3, 10.5, 10], "texture": "#1"},
				"up": {"uv": [0, 0, 2, 2], "texture": "#missing"},
				"down": {"uv": [8.5, 4.5, 10.5, 6.5], "texture": "#1"}
			}
		}
	]
}