{
    "__createdwith": "opl's Model Creator",
    "parent": "block/block",
    "ambientocclusion": false,
    "textures": {
        "sidev2": "block/enchanting_table_sidev2",
        "side": "block/enchanting_table_side",
        "top": "block/enchanting_table_topv2",
        "sides": "block/enchanting_table_bottom",
        "particle": "block/enchanting_table_bottom"
    },
    "elements": [
        {
            "from": [0,0,0],
            "to": [16,2,16],
            "faces": {
                "up": {
                    "texture": "#sides"
                },
                "down": {
                    "texture": "#sides"
                },
                "west": {
                    "texture": "#sides"
                },
                "east": {
                    "texture": "#sides"
                },
                "north": {
                    "texture": "#sides"
                },
                "south": {
                    "texture": "#sides"
                }
            }
        },
        {
            "from": [2,2,2],
            "to": [14,3,14],
            "faces": {
                "up": {
                    "texture": "#sides"
                },
                "west": {
                    "texture": "#sides"
                },
                "east": {
                    "texture": "#sides"
                },
                "north": {
                    "texture": "#sides"
                },
                "south": {
                    "texture": "#sides"
                }
            }
        },
        {
            "from": [3,3,3],
            "to": [13,9,13],
            "faces": {
                "up": {
                    "texture": "#sides"
                },
                "west": {
                    "texture": "#sides"
                },
                "east": {
                    "texture": "#sides"
                },
                "north": {
                    "texture": "#sides"
                },
                "south": {
                    "texture": "#sides"
                }
            }
        },
        {
            "from": [0,10,0],
            "to": [16,12,16],
            "faces": {
                "up": {
                    "texture": "#top"
                },
                "down": {
                    "texture": "#sides"
                },
                "west": {
                    "texture": "#sidev2"
                },
                "east": {
                    "uv": [0,4,16,6.5],
                    "texture": "#sidev2"
                },
                "north": {
                    "uv": [0,4,16,6.5],
                    "texture": "#sidev2"
                },
                "south": {
                    "uv": [0,4,16,6.5],
                    "texture": "#sidev2"
                }
            }
        },
        {
            "from": [2,9,2],
            "to": [14,10,14],
            "faces": {
                "up": {
                    "texture": "#sides"
                },
                "down": {
                    "texture": "#sides"
                },
                "west": {
                    "texture": "#sides"
                },
                "east": {
                    "texture": "#sides"
                },
                "north": {
                    "texture": "#sides"
                },
                "south": {
                    "texture": "#sides"
                }
            }
        },
        {
            "from": [3,9,0],
            "to": [13,10,16],
            "faces": {
                "north": {
                    "uv": [3,6.5,13,7.5],
                    "texture": "#sidev2"
                },
                "south": {
                    "uv": [3,6.5,13,7.5],
                    "texture": "#sidev2"
                }
            }
        },
        {
            "from": [3.5,8.5,0],
            "to": [12.5,9,16],
            "faces": {
                "north": {
                    "uv": [3.5,7.5,12.5,8],
                    "texture": "#sidev2"
                },
                "south": {
                    "uv": [3.5,7.5,12.5,8],
                    "texture": "#sidev2"
                }
            }
        },
        {
            "from": [4,8,0],
            "to": [12,8.5,16],
            "faces": {
                "north": {
                    "uv": [4,8,12,8.5],
                    "texture": "#sidev2"
                },
                "south": {
                    "uv": [4,8,12,8.5],
                    "texture": "#sidev2"
                }
            }
        },
        {
            "from": [4.5,7.5,0],
            "to": [11.5,8,16],
            "faces": {
                "north": {
                    "uv": [4.5,8.5,11.5,9],
                    "texture": "#sidev2"
                },
                "south": {
                    "uv": [4.5,8.5,11.5,9],
                    "texture": "#sidev2"
                }
            }
        },
        {
            "from": [5,7,0],
            "to": [11,7.5,16],
            "faces": {
                "north": {
                    "uv": [5,9,11,9.5],
                    "texture": "#sidev2"
                },
                "south": {
                    "uv": [5,9,11,9.5],
                    "texture": "#sidev2"
                }
            }
        },
        {
            "from": [5.5,6.5,0],
            "to": [10.5,7,16],
            "faces": {
                "north": {
                    "uv": [5.5,9.5,10.5,10],
                    "texture": "#sidev2"
                },
                "south": {
                    "uv": [5.5,9.5,10.5,10],
                    "texture": "#sidev2"
                }
            }
        },
        {
            "from": [6,6,0],
            "to": [10,6.5,16],
            "faces": {
                "north": {
                    "uv": [6,10,10,10.5],
                    "texture": "#sidev2"
                },
                "south": {
                    "uv": [6,10,10,10.5],
                    "texture": "#sidev2"
                }
            }
        },
        {
            "from": [0,9,3],
            "to": [16,10,13],
            "faces": {
                "west": {
                    "uv": [3,6.5,13,7.5],
                    "texture": "#sidev2"
                },
                "east": {
                    "uv": [3,6.5,13,7.5],
                    "texture": "#sidev2"
                }
            }
        },
        {
            "from": [0,8.5,3.5],
            "to": [16,9,12.5],
            "faces": {
                "west": {
                    "uv": [3.5,7.5,12.5,8],
                    "texture": "#sidev2"
                },
                "east": {
                    "uv": [3.5,7.5,12.5,8],
                    "texture": "#sidev2"
                }
            }
        },
        {
            "from": [0,8,4],
            "to": [16,8.5,12],
            "faces": {
                "west": {
                    "uv": [4,8,12,8.5],
                    "texture": "#sidev2"
                },
                "east": {
                    "uv": [4,8,12,8.5],
                    "texture": "#sidev2"
                }
            }
        },
        {
            "from": [0,7.5,4.5],
            "to": [16,8,11.5],
            "faces": {
                "west": {
                    "uv": [4.5,8.5,11.5,9],
                    "texture": "#sidev2"
                },
                "east": {
                    "uv": [4.5,8.5,11.5,9],
                    "texture": "#sidev2"
                }
            }
        },
        {
            "from": [0,7,5],
            "to": [16,7.5,11],
            "faces": {
                "west": {
                    "uv": [5,9,11,9.5],
                    "texture": "#sidev2"
                },
                "east": {
                    "uv": [5,9,11,9.5],
                    "texture": "#sidev2"
                }
            }
        },
        {
            "from": [0,6.5,5.5],
            "to": [16,7,10.5],
            "faces": {
                "west": {
                    "uv": [5.5,9.5,10.5,10],
                    "texture": "#sidev2"
                },
                "east": {
                    "uv": [5.5,9.5,10.5,10],
                    "texture": "#sidev2"
                }
            }
        },
        {
            "from": [0,6,6],
            "to": [16,6.5,10],
            "faces": {
                "west": {
                    "uv": [6,10,10,10.5],
                    "texture": "#sidev2"
                },
                "east": {
                    "uv": [6,10,10,10.5],
                    "texture": "#sidev2"
                }
            }
        },
        {
            "from": [0,5.5,6.5],
            "to": [16,6,9.5],
            "faces": {
                "west": {
                    "uv": [6.5,10.5,9.5,11],
                    "texture": "#sidev2"
                },
                "east": {
                    "uv": [6.5,10.5,9.5,11],
                    "texture": "#sidev2"
                }
            }
        },
        {
            "from": [0,5,7],
            "to": [16,5.5,9],
            "faces": {
                "west": {
                    "uv": [7,11,9,11.5],
                    "texture": "#sidev2"
                },
                "east": {
                    "uv": [7,11,9,11.5],
                    "texture": "#sidev2"
                }
            }
        },
        {
            "from": [0,4.5,7.5],
            "to": [16,5,8.5],
            "faces": {
                "west": {
                    "uv": [7.5,11.5,8.5,12],
                    "texture": "#sidev2"
                },
                "east": {
                    "uv": [7.5,11.5,8.5,12],
                    "texture": "#sidev2"
                }
            }
        },
        {
            "from": [6.5,5.5,0],
            "to": [9.5,6,16],
            "faces": {
                "north": {
                    "uv": [6.5,10.5,9.5,11],
                    "texture": "#sidev2"
                },
                "south": {
                    "uv": [6.5,10.5,9.5,11],
                    "texture": "#sidev2"
                }
            }
        },
        {
            "from": [7,5,0],
            "to": [9,5.5,16],
            "faces": {
                "north": {
                    "uv": [7,11,9,11.5],
                    "texture": "#sidev2"
                },
                "south": {
                    "uv": [7,11,9,11.5],
                    "texture": "#sidev2"
                }
            }
        },
        {
            "from": [7.5,4.5,0],
            "to": [8.5,5,16],
            "faces": {
                "north": {
                    "uv": [7.5,11.5,8.5,12],
                    "texture": "#sidev2"
                },
                "south": {
                    "uv": [7.5,11.5,8.5,12],
                    "texture": "#sidev2"
                }
            }
        }
    ]
}