{
	"credit": "Made with Blockbench",
	"textures": {
		"0": "block/iron_door_bottom",
		"1": "block/iron_trapdoor",
		"particle": "block/iron_door_bottom"
	},
	"elements": [
		{
			"from": [0, 0, 0],
			"to": [3, 1, 16],
			"faces": {
				"north": {"uv": [9, 15, 12, 16], "texture": "#0"},
				"east": {"uv": [16, 15, 0, 16], "texture": "#0"},
				"south": {"uv": [4, 15, 7, 16], "texture": "#0"},
				"west": {"uv": [0, 15, 16, 16], "texture": "#0"},
				"up": {"uv": [13, 0, 16, 16], "texture": "#1"},
				"down": {"uv": [0, 0, 3, 16], "texture": "#1"}
			}
		},
		{
			"from": [0, 1, 0],
			"to": [3, 16, 1],
			"faces": {
				"north": {"uv": [0, 0, 3, 15], "texture": "#1"},
				"east": {"uv": [1, 0, 0, 15], "texture": "#0"},
				"south": {"uv": [0, 0, 3, 15], "texture": "#1"},
				"west": {"uv": [0, 0, 1, 15], "texture": "#0"},
				"up": {"uv": [12, 15, 15, 16], "texture": "#0"}
			}
		},
		{
			"from": [0, 1, 15],
			"to": [3, 16, 16],
			"faces": {
				"north": {"uv": [0, 0, 3, 15], "texture": "#1"},
				"east": {"uv": [16, 0, 15, 15], "texture": "#0"},
				"south": {"uv": [0, 0, 3, 15], "texture": "#1"},
				"west": {"uv": [15, 0, 16, 15], "texture": "#0"},
				"up": {"uv": [0, 0, 3, 1], "rotation": 180, "texture": "#1"}
			}
		},
		{
			"from": [0.5, 1, 2],
			"to": [2.5, 16, 4],
			"faces": {
				"north": {"uv": [2, 0, 4, 15], "texture": "#0"},
				"east": {"uv": [4, 0, 2, 15], "texture": "#0"},
				"south": {"uv": [2, 0, 4, 15], "texture": "#0"},
				"west": {"uv": [2, 0, 4, 15], "texture": "#0"},
				"up": {"uv": [13.5, 0.5, 15.5, 2.5], "texture": "#1"}
			}
		},
		{
			"from": [0.5, 1, 12],
			"to": [2.5, 16, 14],
			"faces": {
				"north": {"uv": [2, 0, 4, 15], "texture": "#0"},
				"east": {"uv": [14, 0, 12, 15], "texture": "#0"},
				"south": {"uv": [2, 0, 4, 15], "texture": "#0"},
				"west": {"uv": [12, 0, 14, 15], "texture": "#0"},
				"up": {"uv": [0.5, 2, 2.5, 4], "rotation": 180, "texture": "#1"}
			}
		},
		{
			"from": [0.5, 1, 7],
			"to": [2.5, 16, 9],
			"faces": {
				"north": {"uv": [7, 0, 9, 15], "texture": "#0"},
				"east": {"uv": [9, 0, 7, 15], "texture": "#0"},
				"south": {"uv": [7, 0, 9, 15], "texture": "#0"},
				"west": {"uv": [7, 0, 9, 15], "texture": "#0"},
				"up": {"uv": [0.5, 13.5, 2.5, 15.5], "texture": "#1"}
			}
		},
		{
			"from": [0, 14.5, 13],
			"to": [3, 16, 15],
			"faces": {
				"north": {"uv": [13, 6, 16, 7.5], "texture": "#1"},
				"east": {"uv": [15, 0, 13, 1.5], "texture": "#0"},
				"west": {"uv": [13, 0, 15, 1.5], "texture": "#0"},
				"up": {"uv": [0, 1, 3, 3], "rotation": 180, "texture": "#1"},
				"down": {"uv": [0, 1, 3, 3], "texture": "#1"}
			}
		},
		{
			"from": [0.5, 2.5, 1],
			"to": [2.5, 4, 15],
			"faces": {
				"east": {"uv": [15, 12, 1, 13.5], "texture": "#0"},
				"west": {"uv": [1, 12, 15, 13.5], "texture": "#0"},
				"up": {"uv": [13.5, 1, 15.5, 15], "texture": "#1"},
				"down": {"uv": [0.5, 1, 2.5, 15], "texture": "#1"}
			}
		},
		{
			"from": [0.5, 11.5, 1],
			"to": [2.5, 13, 15],
			"faces": {
				"east": {"uv": [15, 3, 1, 4.5], "texture": "#0"},
				"west": {"uv": [1, 3, 15, 4.5], "texture": "#0"},
				"up": {"uv": [0.5, 1, 2.5, 15], "texture": "#1"},
				"down": {"uv": [13.5, 1, 15.5, 15], "texture": "#1"}
			}
		}
	]
}