{
	"credit": "Made with Blockbench",
	"parent": "block/thin_block",
	"ambientocclusion": false,
	"textures": {
		"particle": "block/oak_trapdoor",
		"texture": "block/oak_trapdoor"
	},
	"elements": [
		{
			"from": [6.5, 13.499, 3],
			"to": [9.5, 15.501, 13],
			"faces": {
				"north": {"uv": [0, 0, 3, 2], "texture": "#missing"},
				"east": {"uv": [3, 0.5, 13, 2.5], "texture": "#texture"},
				"south": {"uv": [0, 0, 3, 2], "texture": "#missing"},
				"west": {"uv": [3, 0.5, 13, 2.5], "texture": "#texture"},
				"up": {"uv": [6.5, 3, 9.5, 13], "texture": "#texture"},
				"down": {"uv": [6.5, 3, 9.5, 13], "texture": "#texture"}
			}
		},
		{
			"from": [0, 13, 0],
			"to": [16, 16, 3],
			"faces": {
				"north": {"uv": [0, 0, 16, 3], "texture": "#texture"},
				"east": {"uv": [13, 0, 16, 3], "texture": "#texture"},
				"south": {"uv": [0, 0, 16, 3], "texture": "#texture"},
				"west": {"uv": [0, 0, 3, 3], "texture": "#texture"},
				"up": {"uv": [0, 0, 16, 3], "texture": "#texture"},
				"down": {"uv": [0, 13, 16, 16], "texture": "#texture"}
			}
		},
		{
			"from": [0, 13, 13],
			"to": [16, 16, 16],
			"faces": {
				"north": {"uv": [0, 0, 16, 3], "texture": "#texture"},
				"east": {"uv": [0, 13, 3, 16], "texture": "#texture"},
				"south": {"uv": [0, 13, 16, 16], "texture": "#texture"},
				"west": {"uv": [13, 13, 16, 16], "texture": "#texture"},
				"up": {"uv": [0, 13, 16, 16], "texture": "#texture"},
				"down": {"uv": [0, 0, 16, 3], "texture": "#texture"}
			}
		},
		{
			"from": [13, 13, 3],
			"to": [16, 16, 13],
			"faces": {
				"north": {"uv": [0, 0, 3, 3], "texture": "#missing"},
				"east": {"uv": [3, 0, 13, 3], "texture": "#texture"},
				"south": {"uv": [0, 0, 3, 3], "texture": "#missing"},
				"west": {"uv": [3, 0, 13, 3], "texture": "#texture"},
				"up": {"uv": [0, 3, 3, 13], "texture": "#texture"},
				"down": {"uv": [0, 3, 3, 13], "texture": "#texture"}
			}
		},
		{
			"from": [0, 13, 3],
			"to": [3, 16, 13],
			"faces": {
				"north": {"uv": [0, 0, 3, 3], "texture": "#missing"},
				"east": {"uv": [3, 0, 13, 3], "texture": "#texture"},
				"south": {"uv": [0, 0, 3, 3], "texture": "#missing"},
				"west": {"uv": [3, 0, 13, 3], "texture": "#texture"},
				"up": {"uv": [0, 3, 3, 13], "texture": "#texture"},
				"down": {"uv": [0, 3, 3, 13], "texture": "#texture"}
			}
		},
		{
			"from": [3, 13.5, 6.5],
			"to": [13, 15.5, 9.5],
			"faces": {
				"north": {"uv": [3, 0.5, 13, 2.5], "texture": "#texture"},
				"east": {"uv": [0, 0, 3, 2], "texture": "#missing"},
				"south": {"uv": [3, 0.5, 13, 2.5], "texture": "#texture"},
				"west": {"uv": [0, 0, 3, 2], "texture": "#missing"},
				"up": {"uv": [3, 6.5, 13, 9.5], "texture": "#texture"},
				"down": {"uv": [3, 6.5, 13, 9.5], "texture": "#texture"}
			}
		}
	],
	"groups": [
		{
			"name": "group",
			"origin": [8, 8, 8],
			"children": [0, 1, 2, 3, 4, 5]
		}
	]
}