{
	"credit": "Made with Blockbench",
	"ambientocclusion": false,
	"textures": {
		"0": "block/oxeye_daisy_stem",
		"1": "block/oxeye_daisy_flowers",
		"particle": "block/oxeye_daisy_stem"
	},
	"elements": [
		{
			"from": [8, 0, -0.75],
			"to": [8, 16, 15.25],
			"rotation": {"angle": -45, "axis": "y", "origin": [8, 0, 7.25]},
			"faces": {
				"east": {"uv": [16, 0, 0, 16], "texture": "#0"},
				"west": {"uv": [0, 0, 16, 16], "texture": "#0"}
			}
		},
		{
			"from": [8, 0, -0.75],
			"to": [8, 16, 15.25],
			"rotation": {"angle": 45, "axis": "y", "origin": [8, 0, 7.25]},
			"faces": {
				"east": {"uv": [16, 0, 0, 16], "texture": "#0"},
				"west": {"uv": [0, 0, 16, 16], "texture": "#0"}
			}
		},
		{
			"from": [3.35, 11.63934, 6.21066],
			"to": [4.85, 12.13934, 7.71066],
			"rotation": {"angle": -22.5, "axis": "z", "origin": [0, -1, -3.5]},
			"faces": {
				"north": {"uv": [3, 3, 4.5, 3.5], "texture": "#1"},
				"east": {"uv": [3, 3, 4.5, 3.5], "texture": "#1"},
				"south": {"uv": [3, 3, 4.5, 3.5], "texture": "#1"},
				"west": {"uv": [3, 3, 4.5, 3.5], "texture": "#1"},
				"up": {"uv": [3, 3, 4.5, 4.5], "texture": "#1"},
				"down": {"uv": [3, 3, 4.5, 4.5], "texture": "#1"}
			}
		},
		{
			"from": [-0.25, 11.75, 3.25],
			"to": [7.25, 11.75, 10.75],
			"shade": false,
			"rotation": {"angle": -22.5, "axis": "z", "origin": [0, -2.5, -3.5]},
			"faces": {
				"north": {"uv": [0, 0, 7.5, 0], "texture": "#missing"},
				"east": {"uv": [0, 0, 7.5, 0], "texture": "#missing"},
				"south": {"uv": [0, 0, 7.5, 0], "texture": "#missing"},
				"west": {"uv": [0, 0, 7.5, 0], "texture": "#missing"},
				"up": {"uv": [0, 0, 7.5, 7.5], "texture": "#1"},
				"down": {"uv": [0, 0, 7.5, 7.5], "texture": "#1"}
			}
		},
		{
			"from": [7.25, 6, 3.25],
			"to": [8.75, 10.5, 3.25],
			"shade": false,
			"rotation": {"angle": 45, "axis": "x", "origin": [0, 0, 0]},
			"faces": {
				"north": {"uv": [2.5, 11.5, 4, 16], "texture": "#1"},
				"east": {"uv": [0, 0, 2, 4.5], "texture": "#missing"},
				"south": {"uv": [2.5, 11.5, 4, 16], "texture": "#1"},
				"west": {"uv": [0, 0, 2, 4.5], "texture": "#missing"},
				"up": {"uv": [0, 0, 2, 1.5], "rotation": 270, "texture": "#missing"},
				"down": {"uv": [0, 0, 2, 1.5], "rotation": 90, "texture": "#missing"}
			}
		},
		{
			"from": [5.75, 5.75, 6.25],
			"to": [5.75, 10.25, 7.75],
			"shade": false,
			"rotation": {"angle": -45, "axis": "z", "origin": [0, 0, 0]},
			"faces": {
				"north": {"uv": [0, 0, 2, 4.5], "texture": "#missing"},
				"east": {"uv": [2.5, 11.5, 4, 16], "texture": "#1"},
				"south": {"uv": [0, 0, 2, 4.5], "texture": "#missing"},
				"west": {"uv": [2.5, 11.5, 4, 16], "texture": "#1"},
				"up": {"uv": [0, 0, 2, 1.5], "texture": "#missing"},
				"down": {"uv": [0, 0, 2, 1.5], "texture": "#missing"}
			}
		}
	],
	"display": {},
	"groups": [
		0,
		1,
		{
			"name": "flower",
			"origin": [0, 0, 0],
			"color": 0,
			"children": [2, 3, 4, 5]
		}
	]
}