{
	"credit": "Made with Blockbench",
	"parent": "block/outer_stairs",
	"textures": {
		"3": "block/quartz_stairs",
		"particle": "block/quartz_stairs",
		"bottom": "block/quartz_block_bottom",
		"top": "block/quartz_block_top"
	},
	"elements": [
		{
			"from": [0, 0, 0],
			"to": [16, 8, 16],
			"faces": {
				"north": {"uv": [0, 0, 16, 8], "texture": "#3"},
				"east": {"uv": [0, 0, 16, 8], "texture": "#bottom"},
				"south": {"uv": [0, 0, 16, 8], "texture": "#bottom"},
				"west": {"uv": [0, 0, 16, 8], "texture": "#3"},
				"up": {"uv": [0, 0, 16, 16], "texture": "#top"},
				"down": {"uv": [0, 0, 16, 16], "texture": "#bottom"}
			}
		},
		{
			"from": [8, 8, 8],
			"to": [16, 16, 16],
			"faces": {
				"north": {"uv": [0, 0, 8, 8], "texture": "#3"},
				"east": {"uv": [8, 0, 16, 8], "texture": "#bottom"},
				"south": {"uv": [0, 0, 8, 8], "texture": "#bottom"},
				"west": {"uv": [0, 0, 8, 8], "texture": "#3"},
				"up": {"uv": [0, 0, 8, 8], "texture": "#top"},
				"down": {"uv": [0, 0, 8, 8], "texture": "#missing"}
			}
		}
	]
}