{
	"credit": "Made with Blockbench",
	"parent": "block/slab",
	"textures": {
		"1": "block/red_nether_bricks_top",
		"bottom": "block/red_nether_bricks",
		"particle": "block/red_nether_bricks_top"
	},
	"elements": [
		{
			"from": [0, 0, 0],
			"to": [16, 8, 16],
			"faces": {
				"north": {"uv": [0, 0, 16, 8], "texture": "#bottom"},
				"east": {"uv": [0, 0, 16, 8], "texture": "#bottom"},
				"south": {"uv": [0, 0, 16, 8], "texture": "#bottom"},
				"west": {"uv": [0, 0, 16, 8], "texture": "#bottom"},
				"up": {"uv": [0, 0, 16, 16], "texture": "#1"},
				"down": {"uv": [0, 0, 16, 16], "texture": "#1"}
			}
		}
	]
}