{
	"credit": "Made with Blockbench",
	"ambientocclusion": false,
	"textures": {
		"1": "block/soul_torch_onv2",
		"2": "block/soul_torch",
		"3": "block/soul_flame",
		"particle": "block/soul_torch"
	},
	"elements": [
		{
			"from": [0, 2, 6],
			"to": [1, 12, 10],
			"faces": {
				"north": {"uv": [14, 4.5, 15, 14.5], "texture": "#1"},
				"east": {"uv": [11, 4.5, 15, 14.5], "texture": "#1"},
				"south": {"uv": [11, 4.5, 12, 14.5], "texture": "#1"},
				"west": {"uv": [11, 4.5, 15, 14.5], "texture": "#1"},
				"up": {"uv": [11, 10.5, 12, 14.5], "texture": "#1"},
				"down": {"uv": [11, 10.5, 12, 14.5], "texture": "#1"}
			}
		},
		{
			"from": [-2, 6.5, 6.5],
			"to": [1, 7, 9.5],
			"rotation": {"angle": -22.5, "axis": "z", "origin": [0, 0, 0]},
			"faces": {
				"north": {"uv": [1, 5, 4, 5.5], "texture": "#1"},
				"east": {"uv": [1, 5, 4, 5.5], "texture": "#1"},
				"south": {"uv": [1, 5, 4, 5.5], "texture": "#1"},
				"west": {"uv": [1, 2.5, 4, 3], "texture": "#1"},
				"up": {"uv": [1, 2.5, 4, 5.5], "texture": "#1"},
				"down": {"uv": [1, 2.5, 4, 5.5], "texture": "#1"}
			}
		},
		{
			"from": [-2, 7.5, 6.5],
			"to": [1, 8, 9.5],
			"rotation": {"angle": -22.5, "axis": "z", "origin": [0, 0, 0]},
			"faces": {
				"north": {"uv": [1, 5, 4, 5.5], "texture": "#1"},
				"east": {"uv": [1, 5, 4, 5.5], "texture": "#1"},
				"south": {"uv": [1, 5, 4, 5.5], "texture": "#1"},
				"west": {"uv": [1, 2.5, 4, 3], "texture": "#1"},
				"up": {"uv": [1, 2.5, 4, 5.5], "texture": "#1"},
				"down": {"uv": [1, 2.5, 4, 5.5], "texture": "#1"}
			}
		},
		{
			"from": [-1.5, 3, 7],
			"to": [0.5, 12.5, 9],
			"rotation": {"angle": -22.5, "axis": "z", "origin": [0, 0, 0]},
			"faces": {
				"up": {"uv": [0, 0, 2, 2], "texture": "#2"},
				"down": {"uv": [7, 14, 9, 16], "texture": "#2"}
			}
		},
		{
			"from": [-3, 3, 7],
			"to": [2, 13.5, 7],
			"rotation": {"angle": -22.5, "axis": "z", "origin": [0, 0, 0]},
			"faces": {
				"north": {"uv": [5.5, 5.5, 10.5, 16], "texture": "#2"},
				"east": {"uv": [0, 0, 2, 10.5], "texture": "#missing"},
				"south": {"uv": [5.5, 5.5, 10.5, 16], "texture": "#2"},
				"west": {"uv": [0, 0, 2, 10.5], "texture": "#missing"},
				"up": {"uv": [0, 0, 5, 2], "texture": "#missing"},
				"down": {"uv": [0, 0, 5, 2], "texture": "#missing"}
			}
		},
		{
			"from": [-3, 3, 9],
			"to": [2, 13.5, 9],
			"rotation": {"angle": -22.5, "axis": "z", "origin": [0, 0, 0]},
			"faces": {
				"north": {"uv": [5.5, 5.5, 10.5, 16], "texture": "#2"},
				"east": {"uv": [0, 0, 2, 10.5], "texture": "#missing"},
				"south": {"uv": [5.5, 5.5, 10.5, 16], "texture": "#2"},
				"west": {"uv": [0, 0, 2, 10.5], "texture": "#missing"},
				"up": {"uv": [0, 0, 5, 2], "texture": "#missing"},
				"down": {"uv": [0, 0, 5, 2], "texture": "#missing"}
			}
		},
		{
			"from": [0.5, 3, 5.5],
			"to": [0.5, 13.5, 10.5],
			"rotation": {"angle": -22.5, "axis": "z", "origin": [0, 0, 0]},
			"faces": {
				"north": {"uv": [0, 0, 2, 10.5], "texture": "#missing"},
				"east": {"uv": [5.5, 5.5, 10.5, 16], "texture": "#2"},
				"south": {"uv": [0, 0, 2, 10.5], "texture": "#missing"},
				"west": {"uv": [5.5, 5.5, 10.5, 16], "texture": "#2"},
				"up": {"uv": [0, 0, 5, 2], "rotation": 270, "texture": "#missing"},
				"down": {"uv": [0, 0, 5, 2], "rotation": 90, "texture": "#missing"}
			}
		},
		{
			"from": [-1.5, 3, 5.5],
			"to": [-1.5, 13.5, 10.5],
			"rotation": {"angle": -22.5, "axis": "z", "origin": [0, 0, 0]},
			"faces": {
				"north": {"uv": [0, 0, 2, 10.5], "texture": "#missing"},
				"east": {"uv": [5.5, 5.5, 10.5, 16], "texture": "#2"},
				"south": {"uv": [0, 0, 2, 10.5], "texture": "#missing"},
				"west": {"uv": [5.5, 5.5, 10.5, 16], "texture": "#2"},
				"up": {"uv": [0, 0, 5, 2], "rotation": 270, "texture": "#missing"},
				"down": {"uv": [0, 0, 5, 2], "rotation": 90, "texture": "#missing"}
			}
		},
		{
			"name": "fire",
			"from": [-2.6, 11.35, 5.1],
			"to": [-2.6, 18.85, 12.6],
			"shade": false,
			"rotation": {"angle": 45, "axis": "y", "origin": [0, 0, 0]},
			"faces": {
				"north": {"uv": [0, 0, 0, 8], "texture": "#missing"},
				"east": {"uv": [0, 0, 16, 16], "texture": "#3"},
				"south": {"uv": [0, 0, 0, 8], "texture": "#missing"},
				"west": {"uv": [0, 0, 16, 16], "texture": "#3"},
				"up": {"uv": [0, 0, 0, 8], "texture": "#missing"},
				"down": {"uv": [0, 0, 0, 8], "texture": "#missing"}
			}
		},
		{
			"name": "fire",
			"from": [-6.4, 11.35, 8.6],
			"to": [1.1, 18.85, 8.6],
			"shade": false,
			"rotation": {"angle": 45, "axis": "y", "origin": [0, 0, 0]},
			"faces": {
				"north": {"uv": [0, 0, 16, 16], "texture": "#3"},
				"east": {"uv": [0, 0, 0, 8], "texture": "#missing"},
				"south": {"uv": [0, 0, 16, 16], "texture": "#3"},
				"west": {"uv": [0, 0, 0, 8], "texture": "#missing"},
				"up": {"uv": [0, 0, 0, 8], "rotation": 90, "texture": "#missing"},
				"down": {"uv": [0, 0, 0, 8], "rotation": 270, "texture": "#missing"}
			}
		}
	],
	"__createdwith": "opl's Model Creator"
}