{
	"credit": "Made with Blockbench",
	"parent": "minecraft:block/cross",
	"textures": {
		"1": "block/crops/berry_bush_leaves",
		"2": "block/crops/berry_bush_stage4",
		"3": "block/crops/berry_bush_leaves_top",
		"particle": "block/crops/berry_bush_leaves"
	},
	"elements": [
		{
			"from": [3, 0, 0],
			"to": [19, 16, 0],
			"rotation": {"angle": -45, "axis": "y", "origin": [0, 0, 0]},
			"faces": {
				"north": {"uv": [0, 0, 16, 16], "texture": "#2"},
				"east": {"uv": [0, 0, 0, 16], "texture": "#missing"},
				"south": {"uv": [0, 0, 16, 16], "texture": "#2"},
				"west": {"uv": [0, 0, 0, 16], "texture": "#missing"},
				"up": {"uv": [0, 0, 0, 16], "rotation": 270, "texture": "#missing"},
				"down": {"uv": [0, 0, 0, 16], "rotation": 90, "texture": "#missing"}
			}
		},
		{
			"from": [8, 0, -0.31371],
			"to": [8, 16, 15.68629],
			"rotation": {"angle": -45, "axis": "y", "origin": [8, 0, 8]},
			"faces": {
				"north": {"uv": [0, 0, 0, 16], "texture": "#missing"},
				"east": {"uv": [0, 0, 16, 16], "texture": "#2"},
				"south": {"uv": [0, 0, 0, 16], "texture": "#missing"},
				"west": {"uv": [0, 0, 16, 16], "texture": "#2"},
				"up": {"uv": [0, 0, 0, 16], "texture": "#missing"},
				"down": {"uv": [0, 0, 0, 16], "texture": "#missing"}
			}
		},
		{
			"from": [0, 14.5, 8.5],
			"to": [16, 14.5, 18.5],
			"rotation": {"angle": 45, "axis": "x", "origin": [0, 12, 0]},
			"faces": {
				"north": {"uv": [0, 0, 0, 16], "rotation": 90, "texture": "#missing"},
				"east": {"uv": [0, 0, 0, 8], "rotation": 90, "texture": "#1"},
				"south": {"uv": [0, 0, 0, 16], "rotation": 90, "texture": "#missing"},
				"west": {"uv": [0, 0, 0, 8], "rotation": 270, "texture": "#1"},
				"up": {"uv": [0, 6, 16, 16], "texture": "#1"},
				"down": {"uv": [16, 6, 0, 16], "rotation": 180, "texture": "#1"}
			}
		},
		{
			"from": [-7.25, 3.75, 1],
			"to": [2.75, 3.75, 17],
			"rotation": {"angle": 45, "axis": "z", "origin": [0, 12, 0]},
			"faces": {
				"north": {"uv": [0, 0, 0, 8], "rotation": 270, "texture": "#1"},
				"east": {"uv": [0, 0, 0, 16], "rotation": 90, "texture": "#missing"},
				"south": {"uv": [0, 0, 0, 8], "rotation": 90, "texture": "#1"},
				"west": {"uv": [0, 0, 0, 16], "rotation": 90, "texture": "#missing"},
				"up": {"uv": [0, 6, 16, 16], "rotation": 90, "texture": "#1"},
				"down": {"uv": [16, 6, 0, 16], "rotation": 90, "texture": "#1"}
			}
		},
		{
			"from": [3, -6.5, 0],
			"to": [3, 3.5, 16],
			"rotation": {"angle": 45, "axis": "z", "origin": [0, 12, 0]},
			"faces": {
				"north": {"uv": [0, 0, 0, 8], "texture": "#1"},
				"east": {"uv": [0, 6, 16, 16], "texture": "#1"},
				"south": {"uv": [0, 0, 0, 8], "texture": "#1"},
				"west": {"uv": [16, 6, 0, 16], "texture": "#1"},
				"up": {"uv": [0, 0, 0, 16], "rotation": 180, "texture": "#missing"},
				"down": {"uv": [0, 0, 0, 16], "rotation": 180, "texture": "#missing"}
			}
		},
		{
			"from": [0, 5, 8],
			"to": [16, 15, 8],
			"rotation": {"angle": 45, "axis": "x", "origin": [0, 12, 0]},
			"faces": {
				"north": {"uv": [0, 6, 16, 16], "texture": "#1"},
				"east": {"uv": [0, 0, 0, 8], "texture": "#1"},
				"south": {"uv": [16, 6, 0, 16], "texture": "#1"},
				"west": {"uv": [0, 0, 0, 8], "texture": "#1"},
				"up": {"uv": [0, 0, 0, 16], "rotation": 90, "texture": "#missing"},
				"down": {"uv": [0, 0, 0, 16], "rotation": 270, "texture": "#missing"}
			}
		},
		{
			"from": [0, 7, 6],
			"to": [16, 17, 6],
			"rotation": {"angle": 45, "axis": "x", "origin": [0, 12, 0]},
			"faces": {
				"north": {"uv": [0, 6, 16, 16], "texture": "#1"},
				"east": {"uv": [0, 0, 0, 8], "texture": "#1"},
				"south": {"uv": [16, 6, 0, 16], "texture": "#1"},
				"west": {"uv": [0, 0, 0, 8], "texture": "#1"},
				"up": {"uv": [0, 0, 0, 16], "rotation": 90, "texture": "#missing"},
				"down": {"uv": [0, 0, 0, 16], "rotation": 270, "texture": "#missing"}
			}
		},
		{
			"from": [6.25, 21.5, -0.5],
			"to": [16.25, 21.5, 15.5],
			"rotation": {"angle": -45, "axis": "z", "origin": [0, 16, 0]},
			"faces": {
				"north": {"uv": [0, 0, 0, 8], "rotation": 90, "texture": "#1"},
				"east": {"uv": [0, 0, 0, 16], "rotation": 90, "texture": "#missing"},
				"south": {"uv": [0, 0, 0, 8], "rotation": 270, "texture": "#1"},
				"west": {"uv": [0, 0, 0, 16], "rotation": 90, "texture": "#missing"},
				"up": {"uv": [0, 6, 16, 16], "rotation": 270, "texture": "#1"},
				"down": {"uv": [16, 6, 0, 16], "rotation": 270, "texture": "#1"}
			}
		},
		{
			"from": [0.4, 21.6, 6.2],
			"to": [16.4, 21.6, 16.2],
			"rotation": {"angle": 45, "axis": "x", "origin": [0, 16, 0]},
			"faces": {
				"north": {"uv": [0, 0, 0, 16], "rotation": 90, "texture": "#missing"},
				"east": {"uv": [0, 0, 0, 8], "rotation": 90, "texture": "#1"},
				"south": {"uv": [0, 0, 0, 16], "rotation": 90, "texture": "#missing"},
				"west": {"uv": [0, 0, 0, 8], "rotation": 270, "texture": "#1"},
				"up": {"uv": [16, 6, 0, 16], "texture": "#1"},
				"down": {"uv": [16, 6, 0, 16], "rotation": 180, "texture": "#1"}
			}
		},
		{
			"from": [-5, 10, 0],
			"to": [5, 10, 16],
			"rotation": {"angle": 45, "axis": "z", "origin": [0, 16, 0]},
			"faces": {
				"north": {"uv": [0, 0, 0, 8], "rotation": 270, "texture": "#1"},
				"east": {"uv": [0, 0, 0, 16], "rotation": 90, "texture": "#missing"},
				"south": {"uv": [0, 0, 0, 8], "rotation": 90, "texture": "#1"},
				"west": {"uv": [0, 0, 0, 16], "rotation": 90, "texture": "#missing"},
				"up": {"uv": [0, 6, 16, 16], "rotation": 90, "texture": "#1"},
				"down": {"uv": [16, 6, 0, 16], "rotation": 90, "texture": "#1"}
			}
		},
		{
			"from": [0, 11, 6],
			"to": [16, 21, 6],
			"rotation": {"angle": 45, "axis": "x", "origin": [0, 16, 0]},
			"faces": {
				"north": {"uv": [16, 6, 0, 16], "texture": "#1"},
				"east": {"uv": [0, 0, 0, 8], "texture": "#1"},
				"south": {"uv": [16, 6, 0, 16], "texture": "#1"},
				"west": {"uv": [0, 0, 0, 8], "texture": "#1"},
				"up": {"uv": [0, 0, 0, 16], "rotation": 90, "texture": "#missing"},
				"down": {"uv": [0, 0, 0, 16], "rotation": 270, "texture": "#missing"}
			}
		},
		{
			"from": [-5, 6, 0],
			"to": [5, 6, 16],
			"rotation": {"angle": 45, "axis": "z", "origin": [0, 12, 0]},
			"faces": {
				"north": {"uv": [0, 0, 0, 8], "rotation": 270, "texture": "#1"},
				"east": {"uv": [0, 0, 0, 16], "rotation": 90, "texture": "#missing"},
				"south": {"uv": [0, 0, 0, 8], "rotation": 90, "texture": "#1"},
				"west": {"uv": [0, 0, 0, 16], "rotation": 90, "texture": "#missing"},
				"up": {"uv": [16, 6, 0, 16], "rotation": 90, "texture": "#1"},
				"down": {"uv": [16, 6, 0, 16], "rotation": 90, "texture": "#1"}
			}
		},
		{
			"from": [0.4, 17.6, 6.2],
			"to": [16.4, 17.6, 16.2],
			"rotation": {"angle": 45, "axis": "x", "origin": [0, 12, 0]},
			"faces": {
				"north": {"uv": [0, 0, 0, 16], "rotation": 90, "texture": "#missing"},
				"east": {"uv": [0, 0, 0, 8], "rotation": 90, "texture": "#1"},
				"south": {"uv": [0, 0, 0, 16], "rotation": 90, "texture": "#missing"},
				"west": {"uv": [0, 0, 0, 8], "rotation": 270, "texture": "#1"},
				"up": {"uv": [0, 6, 16, 16], "texture": "#1"},
				"down": {"uv": [16, 6, 0, 16], "rotation": 180, "texture": "#1"}
			}
		},
		{
			"from": [6.25, 17.5, -0.5],
			"to": [16.25, 17.5, 15.5],
			"rotation": {"angle": -45, "axis": "z", "origin": [0, 12, 0]},
			"faces": {
				"north": {"uv": [0, 0, 0, 8], "rotation": 90, "texture": "#1"},
				"east": {"uv": [0, 0, 0, 16], "rotation": 90, "texture": "#missing"},
				"south": {"uv": [0, 0, 0, 8], "rotation": 270, "texture": "#1"},
				"west": {"uv": [0, 0, 0, 16], "rotation": 90, "texture": "#missing"},
				"up": {"uv": [16, 6, 0, 16], "rotation": 270, "texture": "#1"},
				"down": {"uv": [16, 6, 0, 16], "rotation": 270, "texture": "#1"}
			}
		},
		{
			"from": [0.4, 22.85, 6.2],
			"to": [16.4, 22.85, 16.2],
			"rotation": {"angle": 45, "axis": "x", "origin": [0, 17.25, 0]},
			"faces": {
				"north": {"uv": [0, 0, 0, 16], "rotation": 90, "texture": "#missing"},
				"east": {"uv": [0, 0, 0, 8], "rotation": 90, "texture": "#1"},
				"south": {"uv": [0, 0, 0, 16], "rotation": 90, "texture": "#missing"},
				"west": {"uv": [0, 0, 0, 8], "rotation": 270, "texture": "#1"},
				"up": {"uv": [16, 6, 0, 16], "texture": "#3"},
				"down": {"uv": [16, 6, 0, 16], "rotation": 180, "texture": "#1"}
			}
		},
		{
			"from": [-5, 11.25, 0],
			"to": [5, 11.25, 16],
			"rotation": {"angle": 45, "axis": "z", "origin": [0, 17.25, 0]},
			"faces": {
				"north": {"uv": [0, 0, 0, 8], "rotation": 270, "texture": "#1"},
				"east": {"uv": [0, 0, 0, 16], "rotation": 90, "texture": "#missing"},
				"south": {"uv": [0, 0, 0, 8], "rotation": 90, "texture": "#1"},
				"west": {"uv": [0, 0, 0, 16], "rotation": 90, "texture": "#missing"},
				"up": {"uv": [0, 6, 16, 16], "rotation": 90, "texture": "#3"},
				"down": {"uv": [16, 6, 0, 16], "rotation": 90, "texture": "#1"}
			}
		},
		{
			"from": [0, 12.25, 6],
			"to": [16, 22.25, 6],
			"rotation": {"angle": 45, "axis": "x", "origin": [0, 17.25, 0]},
			"faces": {
				"north": {"uv": [16, 6, 0, 16], "texture": "#3"},
				"east": {"uv": [0, 0, 0, 8], "texture": "#1"},
				"south": {"uv": [16, 6, 0, 16], "texture": "#1"},
				"west": {"uv": [0, 0, 0, 8], "texture": "#1"},
				"up": {"uv": [0, 0, 0, 16], "rotation": 90, "texture": "#3"},
				"down": {"uv": [0, 0, 0, 16], "rotation": 270, "texture": "#missing"}
			}
		},
		{
			"from": [6.25, 22.75, -0.5],
			"to": [16.25, 22.75, 15.5],
			"rotation": {"angle": -45, "axis": "z", "origin": [0, 17.25, 0]},
			"faces": {
				"north": {"uv": [0, 0, 0, 8], "rotation": 90, "texture": "#1"},
				"east": {"uv": [0, 0, 0, 16], "rotation": 90, "texture": "#missing"},
				"south": {"uv": [0, 0, 0, 8], "rotation": 270, "texture": "#1"},
				"west": {"uv": [0, 0, 0, 16], "rotation": 90, "texture": "#missing"},
				"up": {"uv": [0, 6, 16, 16], "rotation": 270, "texture": "#3"},
				"down": {"uv": [16, 6, 0, 16], "rotation": 270, "texture": "#1"}
			}
		}
	]
}