{
	"credit": "Made with Blockbench",
	"parent": "minecraft:block/cross",
	"textures": {
		"1": "block/crops/berry_bush_leaves",
		"2": "block/crops/berry_bush_stage4",
		"3": "block/crops/berry_bush_leaves_top",
		"particle": "block/crops/berry_bush_leaves"
	},
	"elements": [
		{
			"from": [3, 0, 0],
			"to": [19, 8, 0],
			"rotation": {"angle": -45, "axis": "y", "origin": [0, 0, 0]},
			"faces": {
				"north": {"uv": [0, 8, 16, 16], "texture": "#2"},
				"east": {"uv": [0, 0, 0, 16], "texture": "#missing"},
				"south": {"uv": [0, 8, 16, 16], "texture": "#2"},
				"west": {"uv": [0, 4, 0, 12], "texture": "#missing"},
				"up": {"uv": [0, 0, 0, 16], "rotation": 270, "texture": "#missing"},
				"down": {"uv": [0, 0, 0, 16], "rotation": 90, "texture": "#missing"}
			}
		},
		{
			"from": [8, 0, -0.31371],
			"to": [8, 8, 15.68629],
			"rotation": {"angle": -45, "axis": "y", "origin": [8, 0, 8]},
			"faces": {
				"north": {"uv": [0, 0, 0, 16], "texture": "#missing"},
				"east": {"uv": [0, 8, 16, 16], "texture": "#2"},
				"south": {"uv": [0, 0, 0, 16], "texture": "#missing"},
				"west": {"uv": [0, 8, 16, 16], "texture": "#2"},
				"up": {"uv": [0, 0, 0, 16], "texture": "#missing"},
				"down": {"uv": [0, 0, 0, 16], "texture": "#missing"}
			}
		},
		{
			"from": [0, 0, 6],
			"to": [16, 10, 6],
			"rotation": {"angle": 45, "axis": "x", "origin": [0, 5, 0]},
			"faces": {
				"north": {"uv": [0, 6, 16, 16], "texture": "#1"},
				"east": {"uv": [0, 0, 0, 8], "texture": "#1"},
				"south": {"uv": [16, 6, 0, 16], "texture": "#1"},
				"west": {"uv": [0, 0, 0, 8], "texture": "#1"},
				"up": {"uv": [0, 0, 0, 16], "rotation": 90, "texture": "#missing"},
				"down": {"uv": [0, 0, 0, 16], "rotation": 270, "texture": "#missing"}
			}
		},
		{
			"from": [6.25, 14.5, -0.5],
			"to": [16.25, 14.5, 15.5],
			"rotation": {"angle": -45, "axis": "z", "origin": [0, 9, 0]},
			"faces": {
				"north": {"uv": [0, 0, 0, 8], "rotation": 90, "texture": "#1"},
				"east": {"uv": [0, 0, 0, 16], "rotation": 90, "texture": "#missing"},
				"south": {"uv": [0, 0, 0, 8], "rotation": 270, "texture": "#1"},
				"west": {"uv": [0, 0, 0, 16], "rotation": 90, "texture": "#missing"},
				"up": {"uv": [0, 6, 16, 16], "rotation": 270, "texture": "#1"},
				"down": {"uv": [16, 6, 0, 16], "rotation": 270, "texture": "#1"}
			}
		},
		{
			"from": [0.4, 14.6, 6.2],
			"to": [16.4, 14.6, 16.2],
			"rotation": {"angle": 45, "axis": "x", "origin": [0, 9, 0]},
			"faces": {
				"north": {"uv": [0, 0, 0, 16], "rotation": 90, "texture": "#missing"},
				"east": {"uv": [0, 0, 0, 8], "rotation": 90, "texture": "#1"},
				"south": {"uv": [0, 0, 0, 16], "rotation": 90, "texture": "#missing"},
				"west": {"uv": [0, 0, 0, 8], "rotation": 270, "texture": "#1"},
				"up": {"uv": [16, 6, 0, 16], "texture": "#1"},
				"down": {"uv": [16, 6, 0, 16], "rotation": 180, "texture": "#1"}
			}
		},
		{
			"from": [-5, 3, 0],
			"to": [5, 3, 16],
			"rotation": {"angle": 45, "axis": "z", "origin": [0, 9, 0]},
			"faces": {
				"north": {"uv": [0, 0, 0, 8], "rotation": 270, "texture": "#1"},
				"east": {"uv": [0, 0, 0, 16], "rotation": 90, "texture": "#missing"},
				"south": {"uv": [0, 0, 0, 8], "rotation": 90, "texture": "#1"},
				"west": {"uv": [0, 0, 0, 16], "rotation": 90, "texture": "#missing"},
				"up": {"uv": [0, 6, 16, 16], "rotation": 90, "texture": "#1"},
				"down": {"uv": [16, 6, 0, 16], "rotation": 90, "texture": "#1"}
			}
		},
		{
			"from": [0, 4, 6],
			"to": [16, 14, 6],
			"rotation": {"angle": 45, "axis": "x", "origin": [0, 9, 0]},
			"faces": {
				"north": {"uv": [16, 6, 0, 16], "texture": "#1"},
				"east": {"uv": [0, 0, 0, 8], "texture": "#1"},
				"south": {"uv": [16, 6, 0, 16], "texture": "#1"},
				"west": {"uv": [0, 0, 0, 8], "texture": "#1"},
				"up": {"uv": [0, 0, 0, 16], "rotation": 90, "texture": "#missing"},
				"down": {"uv": [0, 0, 0, 16], "rotation": 270, "texture": "#missing"}
			}
		},
		{
			"from": [-5, -1, 0],
			"to": [5, -1, 16],
			"rotation": {"angle": 45, "axis": "z", "origin": [0, 5, 0]},
			"faces": {
				"north": {"uv": [0, 0, 0, 8], "rotation": 270, "texture": "#1"},
				"east": {"uv": [0, 0, 0, 16], "rotation": 90, "texture": "#missing"},
				"south": {"uv": [0, 0, 0, 8], "rotation": 90, "texture": "#1"},
				"west": {"uv": [0, 0, 0, 16], "rotation": 90, "texture": "#missing"},
				"up": {"uv": [16, 6, 0, 16], "rotation": 90, "texture": "#1"},
				"down": {"uv": [16, 6, 0, 16], "rotation": 90, "texture": "#1"}
			}
		},
		{
			"from": [0.4, 10.6, 6.2],
			"to": [16.4, 10.6, 16.2],
			"rotation": {"angle": 45, "axis": "x", "origin": [0, 5, 0]},
			"faces": {
				"north": {"uv": [0, 0, 0, 16], "rotation": 90, "texture": "#missing"},
				"east": {"uv": [0, 0, 0, 8], "rotation": 90, "texture": "#1"},
				"south": {"uv": [0, 0, 0, 16], "rotation": 90, "texture": "#missing"},
				"west": {"uv": [0, 0, 0, 8], "rotation": 270, "texture": "#1"},
				"up": {"uv": [0, 6, 16, 16], "texture": "#1"},
				"down": {"uv": [16, 6, 0, 16], "rotation": 180, "texture": "#1"}
			}
		},
		{
			"from": [6.25, 10.5, -0.5],
			"to": [16.25, 10.5, 15.5],
			"rotation": {"angle": -45, "axis": "z", "origin": [0, 5, 0]},
			"faces": {
				"north": {"uv": [0, 0, 0, 8], "rotation": 90, "texture": "#1"},
				"east": {"uv": [0, 0, 0, 16], "rotation": 90, "texture": "#missing"},
				"south": {"uv": [0, 0, 0, 8], "rotation": 270, "texture": "#1"},
				"west": {"uv": [0, 0, 0, 16], "rotation": 90, "texture": "#missing"},
				"up": {"uv": [16, 6, 0, 16], "rotation": 270, "texture": "#1"},
				"down": {"uv": [16, 6, 0, 16], "rotation": 270, "texture": "#1"}
			}
		},
		{
			"from": [0.4, 15.85, 6.2],
			"to": [16.4, 15.85, 16.2],
			"rotation": {"angle": 45, "axis": "x", "origin": [0, 10.25, 0]},
			"faces": {
				"north": {"uv": [0, 0, 0, 16], "rotation": 90, "texture": "#missing"},
				"east": {"uv": [0, 0, 0, 8], "rotation": 90, "texture": "#1"},
				"south": {"uv": [0, 0, 0, 16], "rotation": 90, "texture": "#missing"},
				"west": {"uv": [0, 0, 0, 8], "rotation": 270, "texture": "#1"},
				"up": {"uv": [16, 6, 0, 16], "texture": "#3"},
				"down": {"uv": [16, 6, 0, 16], "rotation": 180, "texture": "#1"}
			}
		},
		{
			"from": [-5, 4.25, 0],
			"to": [5, 4.25, 16],
			"rotation": {"angle": 45, "axis": "z", "origin": [0, 10.25, 0]},
			"faces": {
				"north": {"uv": [0, 0, 0, 8], "rotation": 270, "texture": "#1"},
				"east": {"uv": [0, 0, 0, 16], "rotation": 90, "texture": "#missing"},
				"south": {"uv": [0, 0, 0, 8], "rotation": 90, "texture": "#1"},
				"west": {"uv": [0, 0, 0, 16], "rotation": 90, "texture": "#missing"},
				"up": {"uv": [0, 6, 16, 16], "rotation": 90, "texture": "#3"},
				"down": {"uv": [16, 6, 0, 16], "rotation": 90, "texture": "#1"}
			}
		},
		{
			"from": [0, 5.25, 6],
			"to": [16, 15.25, 6],
			"rotation": {"angle": 45, "axis": "x", "origin": [0, 10.25, 0]},
			"faces": {
				"north": {"uv": [16, 6, 0, 16], "texture": "#3"},
				"east": {"uv": [0, 0, 0, 8], "texture": "#1"},
				"south": {"uv": [16, 6, 0, 16], "texture": "#1"},
				"west": {"uv": [0, 0, 0, 8], "texture": "#1"},
				"up": {"uv": [0, 0, 0, 16], "rotation": 90, "texture": "#3"},
				"down": {"uv": [0, 0, 0, 16], "rotation": 270, "texture": "#missing"}
			}
		},
		{
			"from": [6.25, 15.75, -0.5],
			"to": [16.25, 15.75, 15.5],
			"rotation": {"angle": -45, "axis": "z", "origin": [0, 10.25, 0]},
			"faces": {
				"north": {"uv": [0, 0, 0, 8], "rotation": 90, "texture": "#1"},
				"east": {"uv": [0, 0, 0, 16], "rotation": 90, "texture": "#missing"},
				"south": {"uv": [0, 0, 0, 8], "rotation": 270, "texture": "#1"},
				"west": {"uv": [0, 0, 0, 16], "rotation": 90, "texture": "#missing"},
				"up": {"uv": [0, 6, 16, 16], "rotation": 270, "texture": "#3"},
				"down": {"uv": [16, 6, 0, 16], "rotation": 270, "texture": "#1"}
			}
		}
	]
}